2025-10-19 13:44:56 INFO  BaseClass:43 - Initializing application on OS: windows and Browser: chrome
2025-10-19 13:44:56 INFO  BaseClass:43 - Initializing application on OS: windows and Browser: edge
2025-10-19 13:44:56 DEBUG BaseClass:48 - Loaded configuration properties
2025-10-19 13:44:56 DEBUG BaseClass:48 - Loaded configuration properties
2025-10-19 13:44:56 INFO  BaseClass:43 - Initializing application on OS: windows and Browser: firefox
2025-10-19 13:44:56 DEBUG BaseClass:48 - Loaded configuration properties
2025-10-19 13:45:00 DEBUG BaseClass:117 - Driver assigned to thread-local storage
2025-10-19 13:45:03 INFO  BaseClass:124 - Application launched successfully: https://cloudberrystore.services/
2025-10-19 13:45:03 INFO  TC01_LaunchApplication:21 - ===== Starting TC01_LaunchApplication Test =====
2025-10-19 13:45:03 DEBUG TC01_LaunchApplication:24 - HomePage object created successfully.
2025-10-19 13:45:03 DEBUG TC01_LaunchApplication:27 - Page title fetched: Your store of fun
2025-10-19 13:45:03 INFO  TC01_LaunchApplication:30 - Assertion passed: Title matches expected value.
2025-10-19 13:45:03 INFO  TC01_LaunchApplication:39 - ===== Ending TC01_LaunchApplication Test =====
2025-10-19 13:45:04 DEBUG BaseClass:117 - Driver assigned to thread-local storage
2025-10-19 13:45:05 INFO  BaseClass:137 - Browser session closed successfully
2025-10-19 13:45:05 INFO  BaseClass:43 - Initializing application on OS: windows and Browser: chrome
2025-10-19 13:45:05 DEBUG BaseClass:48 - Loaded configuration properties
2025-10-19 13:45:06 INFO  BaseClass:124 - Application launched successfully: https://cloudberrystore.services/
2025-10-19 13:45:06 INFO  TC01_LaunchApplication:21 - ===== Starting TC01_LaunchApplication Test =====
2025-10-19 13:45:06 DEBUG TC01_LaunchApplication:24 - HomePage object created successfully.
2025-10-19 13:45:06 DEBUG TC01_LaunchApplication:27 - Page title fetched: Your store of fun
2025-10-19 13:45:06 INFO  TC01_LaunchApplication:30 - Assertion passed: Title matches expected value.
2025-10-19 13:45:06 INFO  TC01_LaunchApplication:39 - ===== Ending TC01_LaunchApplication Test =====
2025-10-19 13:45:07 DEBUG BaseClass:117 - Driver assigned to thread-local storage
2025-10-19 13:45:07 INFO  BaseClass:137 - Browser session closed successfully
2025-10-19 13:45:07 INFO  BaseClass:43 - Initializing application on OS: windows and Browser: edge
2025-10-19 13:45:07 DEBUG BaseClass:48 - Loaded configuration properties
2025-10-19 13:45:08 INFO  BaseClass:124 - Application launched successfully: https://cloudberrystore.services/
2025-10-19 13:45:08 INFO  TC03_AddToCart:22 - ===== Starting TC03_AddToCart Test =====
2025-10-19 13:45:08 DEBUG TC03_AddToCart:26 - HomePage object created successfully.
2025-10-19 13:45:08 DEBUG BaseClass:117 - Driver assigned to thread-local storage
2025-10-19 13:45:09 DEBUG BaseClass:117 - Driver assigned to thread-local storage
2025-10-19 13:45:10 DEBUG TC03_AddToCart:29 - Clicked 'Laptops & Notebooks' link on homepage.
2025-10-19 13:45:10 INFO  BaseClass:124 - Application launched successfully: https://cloudberrystore.services/
2025-10-19 13:45:10 INFO  TC01_LaunchApplication:21 - ===== Starting TC01_LaunchApplication Test =====
2025-10-19 13:45:10 DEBUG TC01_LaunchApplication:24 - HomePage object created successfully.
2025-10-19 13:45:10 DEBUG TC01_LaunchApplication:27 - Page title fetched: Your store of fun
2025-10-19 13:45:10 INFO  TC01_LaunchApplication:30 - Assertion passed: Title matches expected value.
2025-10-19 13:45:10 INFO  TC01_LaunchApplication:39 - ===== Ending TC01_LaunchApplication Test =====
2025-10-19 13:45:11 DEBUG TC03_AddToCart:32 - Navigated to Laptops & Notebooks catalog page.
2025-10-19 13:45:12 INFO  BaseClass:124 - Application launched successfully: https://cloudberrystore.services/
2025-10-19 13:45:12 INFO  TC03_AddToCart:22 - ===== Starting TC03_AddToCart Test =====
2025-10-19 13:45:12 DEBUG TC03_AddToCart:26 - HomePage object created successfully.
2025-10-19 13:45:12 DEBUG TC03_AddToCart:29 - Clicked 'Laptops & Notebooks' link on homepage.
2025-10-19 13:45:13 INFO  BaseClass:137 - Browser session closed successfully
2025-10-19 13:45:13 INFO  BaseClass:43 - Initializing application on OS: windows and Browser: firefox
2025-10-19 13:45:13 DEBUG BaseClass:48 - Loaded configuration properties
2025-10-19 13:45:13 DEBUG TC03_AddToCart:32 - Navigated to Laptops & Notebooks catalog page.
2025-10-19 13:45:13 DEBUG TC03_AddToCart:36 - Located desired laptop in catalog.
2025-10-19 13:45:14 DEBUG TC03_AddToCart:36 - Located desired laptop in catalog.
2025-10-19 13:45:14 DEBUG TC03_AddToCart:40 - Set delivery date on product page.
2025-10-19 13:45:14 DEBUG TC03_AddToCart:43 - Clicked 'Add to Cart' button.
2025-10-19 13:45:15 DEBUG TC03_AddToCart:46 - Success message received: Success: You have added HP LP3065 to your shopping cart!
2025-10-19 13:45:15 INFO  TC03_AddToCart:50 - Assertion passed: Product successfully added to cart.
2025-10-19 13:45:15 INFO  TC03_AddToCart:59 - ===== Ending TC03_AddToCart Test =====
2025-10-19 13:45:15 INFO  BaseClass:137 - Browser session closed successfully
2025-10-19 13:45:15 INFO  BaseClass:43 - Initializing application on OS: windows and Browser: chrome
2025-10-19 13:45:15 DEBUG BaseClass:48 - Loaded configuration properties
2025-10-19 13:45:15 DEBUG TC03_AddToCart:40 - Set delivery date on product page.
2025-10-19 13:45:16 DEBUG TC03_AddToCart:43 - Clicked 'Add to Cart' button.
2025-10-19 13:45:16 DEBUG TC03_AddToCart:46 - Success message received: Success: You have added HP LP3065 to your shopping cart!
2025-10-19 13:45:16 INFO  TC03_AddToCart:50 - Assertion passed: Product successfully added to cart.
2025-10-19 13:45:16 INFO  TC03_AddToCart:59 - ===== Ending TC03_AddToCart Test =====
2025-10-19 13:45:17 DEBUG BaseClass:117 - Driver assigned to thread-local storage
2025-10-19 13:45:18 INFO  BaseClass:137 - Browser session closed successfully
2025-10-19 13:45:18 INFO  BaseClass:43 - Initializing application on OS: windows and Browser: edge
2025-10-19 13:45:18 DEBUG BaseClass:48 - Loaded configuration properties
2025-10-19 13:45:19 INFO  BaseClass:124 - Application launched successfully: https://cloudberrystore.services/
2025-10-19 13:45:19 INFO  TC05_AddToWishList:23 - ===== Starting TC05_AddToWishList Test =====
2025-10-19 13:45:19 DEBUG TC05_AddToWishList:27 - HomePage object created successfully.
2025-10-19 13:45:20 DEBUG BaseClass:117 - Driver assigned to thread-local storage
2025-10-19 13:45:20 DEBUG BaseClass:117 - Driver assigned to thread-local storage
2025-10-19 13:45:20 DEBUG TC05_AddToWishList:30 - Clicked on 'My Account' link.
2025-10-19 13:45:20 INFO  BaseClass:124 - Application launched successfully: https://cloudberrystore.services/
2025-10-19 13:45:20 INFO  TC05_AddToWishList:23 - ===== Starting TC05_AddToWishList Test =====
2025-10-19 13:45:20 DEBUG TC05_AddToWishList:27 - HomePage object created successfully.
2025-10-19 13:45:21 INFO  BaseClass:124 - Application launched successfully: https://cloudberrystore.services/
2025-10-19 13:45:21 INFO  TC03_AddToCart:22 - ===== Starting TC03_AddToCart Test =====
2025-10-19 13:45:21 DEBUG TC03_AddToCart:26 - HomePage object created successfully.
2025-10-19 13:45:21 DEBUG TC05_AddToWishList:33 - Navigated to login page.
2025-10-19 13:45:21 DEBUG TC03_AddToCart:29 - Clicked 'Laptops & Notebooks' link on homepage.
2025-10-19 13:45:22 DEBUG TC05_AddToWishList:37 - Entered email for login.
2025-10-19 13:45:22 DEBUG TC05_AddToWishList:30 - Clicked on 'My Account' link.
2025-10-19 13:45:22 DEBUG TC05_AddToWishList:40 - Entered password for login.
2025-10-19 13:45:22 DEBUG TC05_AddToWishList:43 - Clicked Login button.
2025-10-19 13:45:22 DEBUG TC03_AddToCart:32 - Navigated to Laptops & Notebooks catalog page.
2025-10-19 13:45:23 DEBUG TC05_AddToWishList:33 - Navigated to login page.
2025-10-19 13:45:23 DEBUG TC05_AddToWishList:46 - Waited briefly after login to ensure page load.
2025-10-19 13:45:23 DEBUG TC05_AddToWishList:49 - Clicked on 'Laptops & Notebooks' link.
2025-10-19 13:45:23 DEBUG TC05_AddToWishList:37 - Entered email for login.
2025-10-19 13:45:23 DEBUG TC05_AddToWishList:40 - Entered password for login.
2025-10-19 13:45:23 DEBUG TC05_AddToWishList:43 - Clicked Login button.
2025-10-19 13:45:23 DEBUG TC05_AddToWishList:52 - Navigated to Laptops & Notebooks catalog page.
2025-10-19 13:45:23 DEBUG TC03_AddToCart:36 - Located desired laptop in catalog.
2025-10-19 13:45:24 DEBUG TC05_AddToWishList:46 - Waited briefly after login to ensure page load.
2025-10-19 13:45:24 DEBUG TC05_AddToWishList:49 - Clicked on 'Laptops & Notebooks' link.
2025-10-19 13:45:24 DEBUG TC05_AddToWishList:52 - Navigated to Laptops & Notebooks catalog page.
2025-10-19 13:45:25 DEBUG TC03_AddToCart:40 - Set delivery date on product page.
2025-10-19 13:45:25 DEBUG TC05_AddToWishList:56 - Located target laptop on catalog page.
2025-10-19 13:45:25 DEBUG TC03_AddToCart:43 - Clicked 'Add to Cart' button.
2025-10-19 13:45:25 DEBUG TC05_AddToWishList:60 - Clicked 'Add to Wishlist' button.
2025-10-19 13:45:25 DEBUG TC05_AddToWishList:63 - Success message received: Success: You have added HP LP3065 to your wish list!
2025-10-19 13:45:25 INFO  TC05_AddToWishList:66 - Assertion passed: Wishlist success message displayed correctly.
2025-10-19 13:45:25 INFO  TC05_AddToWishList:75 - ===== Ending TC05_AddToWishList Test =====
2025-10-19 13:45:25 INFO  BaseClass:137 - Browser session closed successfully
2025-10-19 13:45:25 INFO  BaseClass:43 - Initializing application on OS: windows and Browser: chrome
2025-10-19 13:45:25 DEBUG BaseClass:48 - Loaded configuration properties
2025-10-19 13:45:26 DEBUG TC05_AddToWishList:56 - Located target laptop on catalog page.
2025-10-19 13:45:26 DEBUG BaseClass:117 - Driver assigned to thread-local storage
2025-10-19 13:45:26 DEBUG TC05_AddToWishList:60 - Clicked 'Add to Wishlist' button.
2025-10-19 13:45:27 DEBUG TC05_AddToWishList:63 - Success message received: Success: You have added HP LP3065 to your wish list!
2025-10-19 13:45:27 INFO  TC05_AddToWishList:66 - Assertion passed: Wishlist success message displayed correctly.
2025-10-19 13:45:27 INFO  TC05_AddToWishList:75 - ===== Ending TC05_AddToWishList Test =====
2025-10-19 13:45:27 INFO  BaseClass:137 - Browser session closed successfully
2025-10-19 13:45:27 INFO  BaseClass:43 - Initializing application on OS: windows and Browser: edge
2025-10-19 13:45:27 DEBUG BaseClass:48 - Loaded configuration properties
2025-10-19 13:45:28 DEBUG BaseClass:117 - Driver assigned to thread-local storage
2025-10-19 13:45:30 INFO  BaseClass:124 - Application launched successfully: https://cloudberrystore.services/
2025-10-19 13:45:30 INFO  TC06_AddAffiliate:22 - ===== Starting TC06_AddAffiliate Test =====
2025-10-19 13:45:30 DEBUG TC06_AddAffiliate:26 - HomePage object created successfully.
2025-10-19 13:45:30 INFO  BaseClass:124 - Application launched successfully: https://cloudberrystore.services/
2025-10-19 13:45:30 INFO  TC06_AddAffiliate:22 - ===== Starting TC06_AddAffiliate Test =====
2025-10-19 13:45:30 DEBUG TC06_AddAffiliate:26 - HomePage object created successfully.
2025-10-19 13:45:31 DEBUG TC06_AddAffiliate:29 - Clicked on 'Affiliate' link from home page.
2025-10-19 13:45:31 DEBUG TC06_AddAffiliate:33 - Entered affiliate user email.
2025-10-19 13:45:31 DEBUG TC06_AddAffiliate:36 - Entered affiliate user password.
2025-10-19 13:45:32 DEBUG TC06_AddAffiliate:39 - Clicked Login button.
2025-10-19 13:45:32 DEBUG TC06_AddAffiliate:29 - Clicked on 'Affiliate' link from home page.
2025-10-19 13:45:32 DEBUG TC06_AddAffiliate:33 - Entered affiliate user email.
2025-10-19 13:45:32 DEBUG TC06_AddAffiliate:36 - Entered affiliate user password.
2025-10-19 13:45:32 DEBUG TC06_AddAffiliate:39 - Clicked Login button.
2025-10-19 13:45:33 DEBUG TC06_AddAffiliate:43 - Completed affiliate registration form.
2025-10-19 13:45:34 DEBUG TC06_AddAffiliate:46 - Affiliate confirmation display status: true
2025-10-19 13:45:34 INFO  TC06_AddAffiliate:49 - Assertion passed: Affiliate registration confirmed successfully.
2025-10-19 13:45:34 INFO  TC06_AddAffiliate:58 - ===== Ending TC06_AddAffiliate Test =====
2025-10-19 13:45:34 INFO  BaseClass:137 - Browser session closed successfully
2025-10-19 13:45:34 INFO  BaseClass:43 - Initializing application on OS: windows and Browser: chrome
2025-10-19 13:45:34 DEBUG BaseClass:48 - Loaded configuration properties
2025-10-19 13:45:34 DEBUG TC06_AddAffiliate:43 - Completed affiliate registration form.
2025-10-19 13:45:34 DEBUG TC06_AddAffiliate:46 - Affiliate confirmation display status: true
2025-10-19 13:45:34 INFO  TC06_AddAffiliate:49 - Assertion passed: Affiliate registration confirmed successfully.
2025-10-19 13:45:34 INFO  TC06_AddAffiliate:58 - ===== Ending TC06_AddAffiliate Test =====
2025-10-19 13:45:35 ERROR TC03_AddToCart:56 - Unexpected exception occurred during AddToCart test.
org.openqa.selenium.NoSuchElementException: Unable to locate element: //div[@class='alert alert-success alert-dismissible']
For documentation on this error, please visit: https://www.selenium.dev/documentation/webdriver/troubleshooting/errors#no-such-element-exception
Build info: version: '4.35.0', revision: '1c58e5028b'
System info: os.name: 'Windows 11', os.arch: 'amd64', os.version: '10.0', java.version: '21.0.8'
Driver info: org.openqa.selenium.remote.RemoteWebDriver
Command: [a6460369-fc9a-4d26-bb43-dbdfb642d6b5, findElement {using=xpath, value=//div[@class='alert alert-success alert-dismissible']}]
Capabilities {acceptInsecureCerts: true, browserName: firefox, browserVersion: 144.0, moz:accessibilityChecks: false, moz:buildID: 20251009125714, moz:firefoxOptions: {binary: C:\Program Files\Mozilla Fi..., prefs: {remote.active-protocols: 1}}, moz:geckodriverVersion: 0.36.0, moz:headless: false, moz:platformVersion: 10.0, moz:processID: 17744, moz:profile: C:\Users\KAYLAA~1\AppData\L..., moz:shutdownTimeout: 60000, moz:webdriverClick: true, moz:windowless: false, pageLoadStrategy: normal, platformName: Windows 11, proxy: Proxy(), se:bidiEnabled: false, se:cdpEnabled: false, setWindowRect: true, strictFileInteractability: false, timeouts: {implicit: 0, pageLoad: 300000, script: 30000}, unhandledPromptBehavior: dismiss and notify, userAgent: Mozilla/5.0 (Windows NT 10....}
Session ID: a6460369-fc9a-4d26-bb43-dbdfb642d6b5
	at java.base/jdk.internal.reflect.DirectConstructorHandleAccessor.newInstance(DirectConstructorHandleAccessor.java:62)
	at java.base/java.lang.reflect.Constructor.newInstanceWithCaller(Constructor.java:502)
	at java.base/java.lang.reflect.Constructor.newInstance(Constructor.java:486)
	at org.openqa.selenium.remote.ErrorCodec.decode(ErrorCodec.java:167)
	at org.openqa.selenium.remote.codec.w3c.W3CHttpResponseCodec.decode(W3CHttpResponseCodec.java:138)
	at org.openqa.selenium.remote.codec.w3c.W3CHttpResponseCodec.decode(W3CHttpResponseCodec.java:50)
	at org.openqa.selenium.remote.HttpCommandExecutor.execute(HttpCommandExecutor.java:215)
	at org.openqa.selenium.remote.TracedCommandExecutor.execute(TracedCommandExecutor.java:53)
	at org.openqa.selenium.remote.RemoteWebDriver.execute(RemoteWebDriver.java:557)
	at org.openqa.selenium.remote.ElementLocation$ElementFinder$2.findElement(ElementLocation.java:165)
	at org.openqa.selenium.remote.ElementLocation.findElement(ElementLocation.java:59)
	at org.openqa.selenium.remote.RemoteWebDriver.findElement(RemoteWebDriver.java:380)
	at org.openqa.selenium.remote.RemoteWebDriver.findElement(RemoteWebDriver.java:374)
	at org.openqa.selenium.support.pagefactory.DefaultElementLocator.findElement(DefaultElementLocator.java:68)
	at org.openqa.selenium.support.pagefactory.internal.LocatingElementHandler.invoke(LocatingElementHandler.java:38)
	at jdk.proxy2/jdk.proxy2.$Proxy31.getText(Unknown Source)
	at pageObjects.ProductPage.verify_SuccessMsg(ProductPage.java:59)
	at testCases.TC03_AddToCart.testAddToCart(TC03_AddToCart.java:45)
	at java.base/jdk.internal.reflect.DirectMethodHandleAccessor.invoke(DirectMethodHandleAccessor.java:103)
	at java.base/java.lang.reflect.Method.invoke(Method.java:580)
	at org.testng.internal.invokers.MethodInvocationHelper.invokeMethod(MethodInvocationHelper.java:141)
	at org.testng.internal.invokers.TestInvoker.invokeMethod(TestInvoker.java:687)
	at org.testng.internal.invokers.TestInvoker.invokeTestMethod(TestInvoker.java:230)
	at org.testng.internal.invokers.MethodRunner.runInSequence(MethodRunner.java:63)
	at org.testng.internal.invokers.TestInvoker$MethodInvocationAgent.invoke(TestInvoker.java:995)
	at org.testng.internal.invokers.TestInvoker.invokeTestMethods(TestInvoker.java:203)
	at org.testng.internal.invokers.TestMethodWorker.invokeTestMethods(TestMethodWorker.java:154)
	at org.testng.internal.invokers.TestMethodWorker.run(TestMethodWorker.java:134)
	at java.base/java.util.ArrayList.forEach(ArrayList.java:1596)
	at org.testng.TestRunner.privateRun(TestRunner.java:741)
	at org.testng.TestRunner.run(TestRunner.java:616)
	at org.testng.SuiteRunner.runTest(SuiteRunner.java:421)
	at org.testng.SuiteRunner$SuiteWorker.run(SuiteRunner.java:463)
	at org.testng.internal.thread.ThreadUtil.lambda$execute$0(ThreadUtil.java:64)
	at java.base/java.util.concurrent.FutureTask.run(FutureTask.java:317)
	at java.base/java.util.concurrent.ThreadPoolExecutor.runWorker(ThreadPoolExecutor.java:1144)
	at java.base/java.util.concurrent.ThreadPoolExecutor$Worker.run(ThreadPoolExecutor.java:642)
	at java.base/java.lang.Thread.run(Thread.java:1583)
2025-10-19 13:45:35 INFO  TC03_AddToCart:59 - ===== Ending TC03_AddToCart Test =====
2025-10-19 13:45:35 WARN  RetryAnalyzer:18 - Retrying test 'testAddToCart' (1 of 2)
2025-10-19 13:45:35 INFO  TC03_AddToCart:22 - ===== Starting TC03_AddToCart Test =====
2025-10-19 13:45:35 DEBUG TC03_AddToCart:26 - HomePage object created successfully.
2025-10-19 13:45:35 DEBUG BaseClass:117 - Driver assigned to thread-local storage
2025-10-19 13:45:35 DEBUG TC03_AddToCart:29 - Clicked 'Laptops & Notebooks' link on homepage.
2025-10-19 13:45:35 INFO  BaseClass:137 - Browser session closed successfully
2025-10-19 13:45:35 INFO  BaseClass:43 - Initializing application on OS: windows and Browser: edge
2025-10-19 13:45:35 DEBUG BaseClass:48 - Loaded configuration properties
2025-10-19 13:45:35 DEBUG TC03_AddToCart:32 - Navigated to Laptops & Notebooks catalog page.
2025-10-19 13:45:35 INFO  BaseClass:124 - Application launched successfully: https://cloudberrystore.services/
2025-10-19 13:45:36 DEBUG PackageRelationshipCollection:307 - Parsing relationship: /xl/_rels/workbook.xml.rels
2025-10-19 13:45:36 DEBUG PackageRelationshipCollection:307 - Parsing relationship: /xl/worksheets/_rels/sheet1.xml.rels
2025-10-19 13:45:36 DEBUG PackageRelationshipCollection:307 - Parsing relationship: /_rels/.rels
2025-10-19 13:45:37 DEBUG TC03_AddToCart:36 - Located desired laptop in catalog.
2025-10-19 13:45:37 DEBUG BaseClass:117 - Driver assigned to thread-local storage
2025-10-19 13:45:37 DEBUG POIXMLFactory:65 - using default POIXMLDocumentPart for http://schemas.openxmlformats.org/officeDocument/2006/relationships/printerSettings
2025-10-19 13:45:38 DEBUG TC03_AddToCart:40 - Set delivery date on product page.
2025-10-19 13:45:38 DEBUG PackageRelationshipCollection:307 - Parsing relationship: /xl/_rels/workbook.xml.rels
2025-10-19 13:45:38 DEBUG PackageRelationshipCollection:307 - Parsing relationship: /xl/worksheets/_rels/sheet1.xml.rels
2025-10-19 13:45:38 DEBUG PackageRelationshipCollection:307 - Parsing relationship: /_rels/.rels
2025-10-19 13:45:38 DEBUG POIXMLFactory:65 - using default POIXMLDocumentPart for http://schemas.openxmlformats.org/officeDocument/2006/relationships/printerSettings
2025-10-19 13:45:38 DEBUG TC03_AddToCart:43 - Clicked 'Add to Cart' button.
2025-10-19 13:45:38 DEBUG PackageRelationshipCollection:307 - Parsing relationship: /xl/_rels/workbook.xml.rels
2025-10-19 13:45:38 DEBUG PackageRelationshipCollection:307 - Parsing relationship: /xl/worksheets/_rels/sheet1.xml.rels
2025-10-19 13:45:38 DEBUG PackageRelationshipCollection:307 - Parsing relationship: /_rels/.rels
2025-10-19 13:45:38 DEBUG POIXMLFactory:65 - using default POIXMLDocumentPart for http://schemas.openxmlformats.org/officeDocument/2006/relationships/printerSettings
2025-10-19 13:45:38 DEBUG PackageRelationshipCollection:307 - Parsing relationship: /xl/_rels/workbook.xml.rels
2025-10-19 13:45:38 DEBUG PackageRelationshipCollection:307 - Parsing relationship: /xl/worksheets/_rels/sheet1.xml.rels
2025-10-19 13:45:38 DEBUG PackageRelationshipCollection:307 - Parsing relationship: /_rels/.rels
2025-10-19 13:45:38 DEBUG POIXMLFactory:65 - using default POIXMLDocumentPart for http://schemas.openxmlformats.org/officeDocument/2006/relationships/printerSettings
2025-10-19 13:45:38 DEBUG PackageRelationshipCollection:307 - Parsing relationship: /xl/_rels/workbook.xml.rels
2025-10-19 13:45:38 DEBUG PackageRelationshipCollection:307 - Parsing relationship: /xl/worksheets/_rels/sheet1.xml.rels
2025-10-19 13:45:38 DEBUG PackageRelationshipCollection:307 - Parsing relationship: /_rels/.rels
2025-10-19 13:45:38 DEBUG POIXMLFactory:65 - using default POIXMLDocumentPart for http://schemas.openxmlformats.org/officeDocument/2006/relationships/printerSettings
2025-10-19 13:45:38 DEBUG PackageRelationshipCollection:307 - Parsing relationship: /xl/_rels/workbook.xml.rels
2025-10-19 13:45:38 DEBUG PackageRelationshipCollection:307 - Parsing relationship: /xl/worksheets/_rels/sheet1.xml.rels
2025-10-19 13:45:38 DEBUG PackageRelationshipCollection:307 - Parsing relationship: /_rels/.rels
2025-10-19 13:45:38 DEBUG POIXMLFactory:65 - using default POIXMLDocumentPart for http://schemas.openxmlformats.org/officeDocument/2006/relationships/printerSettings
2025-10-19 13:45:38 DEBUG PackageRelationshipCollection:307 - Parsing relationship: /xl/_rels/workbook.xml.rels
2025-10-19 13:45:38 DEBUG PackageRelationshipCollection:307 - Parsing relationship: /xl/worksheets/_rels/sheet1.xml.rels
2025-10-19 13:45:38 DEBUG PackageRelationshipCollection:307 - Parsing relationship: /_rels/.rels
2025-10-19 13:45:38 DEBUG POIXMLFactory:65 - using default POIXMLDocumentPart for http://schemas.openxmlformats.org/officeDocument/2006/relationships/printerSettings
2025-10-19 13:45:38 DEBUG PackageRelationshipCollection:307 - Parsing relationship: /xl/_rels/workbook.xml.rels
2025-10-19 13:45:38 DEBUG PackageRelationshipCollection:307 - Parsing relationship: /xl/worksheets/_rels/sheet1.xml.rels
2025-10-19 13:45:38 DEBUG PackageRelationshipCollection:307 - Parsing relationship: /_rels/.rels
2025-10-19 13:45:38 DEBUG POIXMLFactory:65 - using default POIXMLDocumentPart for http://schemas.openxmlformats.org/officeDocument/2006/relationships/printerSettings
2025-10-19 13:45:38 DEBUG PackageRelationshipCollection:307 - Parsing relationship: /xl/_rels/workbook.xml.rels
2025-10-19 13:45:38 DEBUG PackageRelationshipCollection:307 - Parsing relationship: /xl/worksheets/_rels/sheet1.xml.rels
2025-10-19 13:45:38 DEBUG PackageRelationshipCollection:307 - Parsing relationship: /_rels/.rels
2025-10-19 13:45:38 DEBUG POIXMLFactory:65 - using default POIXMLDocumentPart for http://schemas.openxmlformats.org/officeDocument/2006/relationships/printerSettings
2025-10-19 13:45:38 DEBUG PackageRelationshipCollection:307 - Parsing relationship: /xl/_rels/workbook.xml.rels
2025-10-19 13:45:38 DEBUG PackageRelationshipCollection:307 - Parsing relationship: /xl/worksheets/_rels/sheet1.xml.rels
2025-10-19 13:45:38 DEBUG PackageRelationshipCollection:307 - Parsing relationship: /_rels/.rels
2025-10-19 13:45:38 DEBUG POIXMLFactory:65 - using default POIXMLDocumentPart for http://schemas.openxmlformats.org/officeDocument/2006/relationships/printerSettings
2025-10-19 13:45:38 DEBUG PackageRelationshipCollection:307 - Parsing relationship: /xl/_rels/workbook.xml.rels
2025-10-19 13:45:38 DEBUG PackageRelationshipCollection:307 - Parsing relationship: /xl/worksheets/_rels/sheet1.xml.rels
2025-10-19 13:45:38 DEBUG PackageRelationshipCollection:307 - Parsing relationship: /_rels/.rels
2025-10-19 13:45:38 DEBUG POIXMLFactory:65 - using default POIXMLDocumentPart for http://schemas.openxmlformats.org/officeDocument/2006/relationships/printerSettings
2025-10-19 13:45:38 DEBUG PackageRelationshipCollection:307 - Parsing relationship: /xl/_rels/workbook.xml.rels
2025-10-19 13:45:38 DEBUG PackageRelationshipCollection:307 - Parsing relationship: /xl/worksheets/_rels/sheet1.xml.rels
2025-10-19 13:45:38 DEBUG PackageRelationshipCollection:307 - Parsing relationship: /_rels/.rels
2025-10-19 13:45:38 DEBUG POIXMLFactory:65 - using default POIXMLDocumentPart for http://schemas.openxmlformats.org/officeDocument/2006/relationships/printerSettings
2025-10-19 13:45:38 INFO  TC02_Login:28 - ===== Starting TC02_Login Test with user: smitasharma.qa@gmail.com =====
2025-10-19 13:45:38 DEBUG TC02_Login:32 - HomePage object created successfully.
2025-10-19 13:45:39 DEBUG TC02_Login:35 - Clicked on 'My Account' link.
2025-10-19 13:45:40 INFO  BaseClass:124 - Application launched successfully: https://cloudberrystore.services/
2025-10-19 13:45:40 DEBUG PackageRelationshipCollection:307 - Parsing relationship: /xl/_rels/workbook.xml.rels
2025-10-19 13:45:40 DEBUG PackageRelationshipCollection:307 - Parsing relationship: /xl/worksheets/_rels/sheet1.xml.rels
2025-10-19 13:45:40 DEBUG PackageRelationshipCollection:307 - Parsing relationship: /_rels/.rels
2025-10-19 13:45:40 DEBUG POIXMLFactory:65 - using default POIXMLDocumentPart for http://schemas.openxmlformats.org/officeDocument/2006/relationships/printerSettings
2025-10-19 13:45:40 DEBUG PackageRelationshipCollection:307 - Parsing relationship: /xl/_rels/workbook.xml.rels
2025-10-19 13:45:40 DEBUG PackageRelationshipCollection:307 - Parsing relationship: /xl/worksheets/_rels/sheet1.xml.rels
2025-10-19 13:45:40 DEBUG PackageRelationshipCollection:307 - Parsing relationship: /_rels/.rels
2025-10-19 13:45:40 DEBUG POIXMLFactory:65 - using default POIXMLDocumentPart for http://schemas.openxmlformats.org/officeDocument/2006/relationships/printerSettings
2025-10-19 13:45:40 DEBUG PackageRelationshipCollection:307 - Parsing relationship: /xl/_rels/workbook.xml.rels
2025-10-19 13:45:40 DEBUG PackageRelationshipCollection:307 - Parsing relationship: /xl/worksheets/_rels/sheet1.xml.rels
2025-10-19 13:45:40 DEBUG PackageRelationshipCollection:307 - Parsing relationship: /_rels/.rels
2025-10-19 13:45:40 DEBUG POIXMLFactory:65 - using default POIXMLDocumentPart for http://schemas.openxmlformats.org/officeDocument/2006/relationships/printerSettings
2025-10-19 13:45:40 DEBUG PackageRelationshipCollection:307 - Parsing relationship: /xl/_rels/workbook.xml.rels
2025-10-19 13:45:40 DEBUG PackageRelationshipCollection:307 - Parsing relationship: /xl/worksheets/_rels/sheet1.xml.rels
2025-10-19 13:45:40 DEBUG PackageRelationshipCollection:307 - Parsing relationship: /_rels/.rels
2025-10-19 13:45:40 DEBUG POIXMLFactory:65 - using default POIXMLDocumentPart for http://schemas.openxmlformats.org/officeDocument/2006/relationships/printerSettings
2025-10-19 13:45:40 DEBUG PackageRelationshipCollection:307 - Parsing relationship: /xl/_rels/workbook.xml.rels
2025-10-19 13:45:40 DEBUG PackageRelationshipCollection:307 - Parsing relationship: /xl/worksheets/_rels/sheet1.xml.rels
2025-10-19 13:45:40 DEBUG PackageRelationshipCollection:307 - Parsing relationship: /_rels/.rels
2025-10-19 13:45:40 DEBUG POIXMLFactory:65 - using default POIXMLDocumentPart for http://schemas.openxmlformats.org/officeDocument/2006/relationships/printerSettings
2025-10-19 13:45:40 DEBUG PackageRelationshipCollection:307 - Parsing relationship: /xl/_rels/workbook.xml.rels
2025-10-19 13:45:40 DEBUG PackageRelationshipCollection:307 - Parsing relationship: /xl/worksheets/_rels/sheet1.xml.rels
2025-10-19 13:45:40 DEBUG PackageRelationshipCollection:307 - Parsing relationship: /_rels/.rels
2025-10-19 13:45:40 DEBUG POIXMLFactory:65 - using default POIXMLDocumentPart for http://schemas.openxmlformats.org/officeDocument/2006/relationships/printerSettings
2025-10-19 13:45:40 DEBUG PackageRelationshipCollection:307 - Parsing relationship: /xl/_rels/workbook.xml.rels
2025-10-19 13:45:40 DEBUG PackageRelationshipCollection:307 - Parsing relationship: /xl/worksheets/_rels/sheet1.xml.rels
2025-10-19 13:45:40 DEBUG PackageRelationshipCollection:307 - Parsing relationship: /_rels/.rels
2025-10-19 13:45:40 DEBUG POIXMLFactory:65 - using default POIXMLDocumentPart for http://schemas.openxmlformats.org/officeDocument/2006/relationships/printerSettings
2025-10-19 13:45:40 DEBUG PackageRelationshipCollection:307 - Parsing relationship: /xl/_rels/workbook.xml.rels
2025-10-19 13:45:40 DEBUG PackageRelationshipCollection:307 - Parsing relationship: /xl/worksheets/_rels/sheet1.xml.rels
2025-10-19 13:45:40 DEBUG PackageRelationshipCollection:307 - Parsing relationship: /_rels/.rels
2025-10-19 13:45:40 DEBUG POIXMLFactory:65 - using default POIXMLDocumentPart for http://schemas.openxmlformats.org/officeDocument/2006/relationships/printerSettings
2025-10-19 13:45:40 DEBUG PackageRelationshipCollection:307 - Parsing relationship: /xl/_rels/workbook.xml.rels
2025-10-19 13:45:40 DEBUG PackageRelationshipCollection:307 - Parsing relationship: /xl/worksheets/_rels/sheet1.xml.rels
2025-10-19 13:45:40 DEBUG PackageRelationshipCollection:307 - Parsing relationship: /_rels/.rels
2025-10-19 13:45:40 DEBUG POIXMLFactory:65 - using default POIXMLDocumentPart for http://schemas.openxmlformats.org/officeDocument/2006/relationships/printerSettings
2025-10-19 13:45:40 DEBUG PackageRelationshipCollection:307 - Parsing relationship: /xl/_rels/workbook.xml.rels
2025-10-19 13:45:40 DEBUG PackageRelationshipCollection:307 - Parsing relationship: /xl/worksheets/_rels/sheet1.xml.rels
2025-10-19 13:45:40 DEBUG PackageRelationshipCollection:307 - Parsing relationship: /_rels/.rels
2025-10-19 13:45:40 DEBUG POIXMLFactory:65 - using default POIXMLDocumentPart for http://schemas.openxmlformats.org/officeDocument/2006/relationships/printerSettings
2025-10-19 13:45:40 DEBUG PackageRelationshipCollection:307 - Parsing relationship: /xl/_rels/workbook.xml.rels
2025-10-19 13:45:40 DEBUG PackageRelationshipCollection:307 - Parsing relationship: /xl/worksheets/_rels/sheet1.xml.rels
2025-10-19 13:45:40 DEBUG PackageRelationshipCollection:307 - Parsing relationship: /_rels/.rels
2025-10-19 13:45:40 DEBUG POIXMLFactory:65 - using default POIXMLDocumentPart for http://schemas.openxmlformats.org/officeDocument/2006/relationships/printerSettings
2025-10-19 13:45:40 DEBUG PackageRelationshipCollection:307 - Parsing relationship: /xl/_rels/workbook.xml.rels
2025-10-19 13:45:40 DEBUG PackageRelationshipCollection:307 - Parsing relationship: /xl/worksheets/_rels/sheet1.xml.rels
2025-10-19 13:45:40 DEBUG PackageRelationshipCollection:307 - Parsing relationship: /_rels/.rels
2025-10-19 13:45:40 DEBUG POIXMLFactory:65 - using default POIXMLDocumentPart for http://schemas.openxmlformats.org/officeDocument/2006/relationships/printerSettings
2025-10-19 13:45:40 INFO  TC02_Login:28 - ===== Starting TC02_Login Test with user: smitasharma.qa@gmail.com =====
2025-10-19 13:45:40 DEBUG TC02_Login:32 - HomePage object created successfully.
2025-10-19 13:45:40 DEBUG TC02_Login:35 - Clicked on 'My Account' link.
2025-10-19 13:45:41 DEBUG TC02_Login:38 - Navigated to Login page.
2025-10-19 13:45:41 DEBUG TC02_Login:42 - Entered email: smitasharma.qa@gmail.com
2025-10-19 13:45:41 DEBUG TC02_Login:45 - Entered password.
2025-10-19 13:45:41 DEBUG TC02_Login:48 - Clicked on Login button.
2025-10-19 13:45:41 DEBUG TC02_Login:38 - Navigated to Login page.
2025-10-19 13:45:42 DEBUG TC02_Login:52 - My Account confirmation displayed: true
2025-10-19 13:45:42 INFO  TC02_Login:55 - Login successful for user: smitasharma.qa@gmail.com
2025-10-19 13:45:42 DEBUG TC02_Login:42 - Entered email: smitasharma.qa@gmail.com
2025-10-19 13:45:42 DEBUG TC02_Login:45 - Entered password.
2025-10-19 13:45:42 DEBUG TC02_Login:48 - Clicked on Login button.
2025-10-19 13:45:42 DEBUG TC02_Login:58 - User logged out successfully.
2025-10-19 13:45:42 INFO  TC02_Login:72 - ===== Ending TC02_Login Test for user: smitasharma.qa@gmail.com =====
2025-10-19 13:45:42 INFO  TC02_Login:28 - ===== Starting TC02_Login Test with user: nona@yahoo.com =====
2025-10-19 13:45:42 DEBUG TC02_Login:32 - HomePage object created successfully.
2025-10-19 13:45:42 DEBUG TC02_Login:35 - Clicked on 'My Account' link.
2025-10-19 13:45:42 DEBUG TC02_Login:52 - My Account confirmation displayed: true
2025-10-19 13:45:42 INFO  TC02_Login:55 - Login successful for user: smitasharma.qa@gmail.com
2025-10-19 13:45:42 DEBUG TC02_Login:38 - Navigated to Login page.
2025-10-19 13:45:43 DEBUG TC02_Login:42 - Entered email: nona@yahoo.com
2025-10-19 13:45:43 DEBUG TC02_Login:45 - Entered password.
2025-10-19 13:45:43 DEBUG TC02_Login:48 - Clicked on Login button.
2025-10-19 13:45:43 DEBUG TC02_Login:58 - User logged out successfully.
2025-10-19 13:45:43 INFO  TC02_Login:72 - ===== Ending TC02_Login Test for user: smitasharma.qa@gmail.com =====
2025-10-19 13:45:43 INFO  TC02_Login:28 - ===== Starting TC02_Login Test with user: nona@yahoo.com =====
2025-10-19 13:45:43 DEBUG TC02_Login:32 - HomePage object created successfully.
2025-10-19 13:45:43 DEBUG TC02_Login:35 - Clicked on 'My Account' link.
2025-10-19 13:45:43 DEBUG TC02_Login:52 - My Account confirmation displayed: true
2025-10-19 13:45:43 INFO  TC02_Login:55 - Login successful for user: nona@yahoo.com
2025-10-19 13:45:43 DEBUG TC02_Login:38 - Navigated to Login page.
2025-10-19 13:45:43 DEBUG TC02_Login:42 - Entered email: nona@yahoo.com
2025-10-19 13:45:43 DEBUG TC02_Login:45 - Entered password.
2025-10-19 13:45:43 DEBUG TC02_Login:48 - Clicked on Login button.
2025-10-19 13:45:43 DEBUG TC02_Login:58 - User logged out successfully.
2025-10-19 13:45:43 INFO  TC02_Login:72 - ===== Ending TC02_Login Test for user: nona@yahoo.com =====
2025-10-19 13:45:44 INFO  TC02_Login:28 - ===== Starting TC02_Login Test with user: sid@cloudberry.services =====
2025-10-19 13:45:44 DEBUG TC02_Login:32 - HomePage object created successfully.
2025-10-19 13:45:44 DEBUG TC02_Login:35 - Clicked on 'My Account' link.
2025-10-19 13:45:44 DEBUG TC02_Login:52 - My Account confirmation displayed: true
2025-10-19 13:45:44 INFO  TC02_Login:55 - Login successful for user: nona@yahoo.com
2025-10-19 13:45:44 DEBUG TC02_Login:38 - Navigated to Login page.
2025-10-19 13:45:44 DEBUG TC02_Login:42 - Entered email: sid@cloudberry.services
2025-10-19 13:45:44 DEBUG TC02_Login:45 - Entered password.
2025-10-19 13:45:44 DEBUG TC02_Login:48 - Clicked on Login button.
2025-10-19 13:45:44 DEBUG TC02_Login:58 - User logged out successfully.
2025-10-19 13:45:44 INFO  TC02_Login:72 - ===== Ending TC02_Login Test for user: nona@yahoo.com =====
2025-10-19 13:45:44 INFO  TC02_Login:28 - ===== Starting TC02_Login Test with user: sid@cloudberry.services =====
2025-10-19 13:45:44 DEBUG TC02_Login:32 - HomePage object created successfully.
2025-10-19 13:45:44 DEBUG TC02_Login:35 - Clicked on 'My Account' link.
2025-10-19 13:45:45 DEBUG TC02_Login:52 - My Account confirmation displayed: true
2025-10-19 13:45:45 INFO  TC02_Login:55 - Login successful for user: sid@cloudberry.services
2025-10-19 13:45:45 DEBUG TC02_Login:38 - Navigated to Login page.
2025-10-19 13:45:45 DEBUG TC02_Login:42 - Entered email: sid@cloudberry.services
2025-10-19 13:45:45 DEBUG TC02_Login:45 - Entered password.
2025-10-19 13:45:45 DEBUG TC02_Login:48 - Clicked on Login button.
2025-10-19 13:45:45 DEBUG TC02_Login:58 - User logged out successfully.
2025-10-19 13:45:45 INFO  TC02_Login:72 - ===== Ending TC02_Login Test for user: sid@cloudberry.services =====
2025-10-19 13:45:45 INFO  TC02_Login:28 - ===== Starting TC02_Login Test with user: apushedwoman@gmail.com =====
2025-10-19 13:45:45 DEBUG TC02_Login:32 - HomePage object created successfully.
2025-10-19 13:45:45 DEBUG TC02_Login:35 - Clicked on 'My Account' link.
2025-10-19 13:45:46 DEBUG TC02_Login:38 - Navigated to Login page.
2025-10-19 13:45:47 DEBUG TC02_Login:42 - Entered email: apushedwoman@gmail.com
2025-10-19 13:45:47 DEBUG TC02_Login:45 - Entered password.
2025-10-19 13:45:47 DEBUG TC02_Login:52 - My Account confirmation displayed: true
2025-10-19 13:45:47 INFO  TC02_Login:55 - Login successful for user: sid@cloudberry.services
2025-10-19 13:45:47 DEBUG TC02_Login:48 - Clicked on Login button.
2025-10-19 13:45:48 ERROR TC03_AddToCart:56 - Unexpected exception occurred during AddToCart test.
org.openqa.selenium.NoSuchElementException: Unable to locate element: //div[@class='alert alert-success alert-dismissible']
For documentation on this error, please visit: https://www.selenium.dev/documentation/webdriver/troubleshooting/errors#no-such-element-exception
Build info: version: '4.35.0', revision: '1c58e5028b'
System info: os.name: 'Windows 11', os.arch: 'amd64', os.version: '10.0', java.version: '21.0.8'
Driver info: org.openqa.selenium.remote.RemoteWebDriver
Command: [a6460369-fc9a-4d26-bb43-dbdfb642d6b5, findElement {using=xpath, value=//div[@class='alert alert-success alert-dismissible']}]
Capabilities {acceptInsecureCerts: true, browserName: firefox, browserVersion: 144.0, moz:accessibilityChecks: false, moz:buildID: 20251009125714, moz:firefoxOptions: {binary: C:\Program Files\Mozilla Fi..., prefs: {remote.active-protocols: 1}}, moz:geckodriverVersion: 0.36.0, moz:headless: false, moz:platformVersion: 10.0, moz:processID: 17744, moz:profile: C:\Users\KAYLAA~1\AppData\L..., moz:shutdownTimeout: 60000, moz:webdriverClick: true, moz:windowless: false, pageLoadStrategy: normal, platformName: Windows 11, proxy: Proxy(), se:bidiEnabled: false, se:cdpEnabled: false, setWindowRect: true, strictFileInteractability: false, timeouts: {implicit: 0, pageLoad: 300000, script: 30000}, unhandledPromptBehavior: dismiss and notify, userAgent: Mozilla/5.0 (Windows NT 10....}
Session ID: a6460369-fc9a-4d26-bb43-dbdfb642d6b5
	at java.base/jdk.internal.reflect.DirectConstructorHandleAccessor.newInstance(DirectConstructorHandleAccessor.java:62)
	at java.base/java.lang.reflect.Constructor.newInstanceWithCaller(Constructor.java:502)
	at java.base/java.lang.reflect.Constructor.newInstance(Constructor.java:486)
	at org.openqa.selenium.remote.ErrorCodec.decode(ErrorCodec.java:167)
	at org.openqa.selenium.remote.codec.w3c.W3CHttpResponseCodec.decode(W3CHttpResponseCodec.java:138)
	at org.openqa.selenium.remote.codec.w3c.W3CHttpResponseCodec.decode(W3CHttpResponseCodec.java:50)
	at org.openqa.selenium.remote.HttpCommandExecutor.execute(HttpCommandExecutor.java:215)
	at org.openqa.selenium.remote.TracedCommandExecutor.execute(TracedCommandExecutor.java:53)
	at org.openqa.selenium.remote.RemoteWebDriver.execute(RemoteWebDriver.java:557)
	at org.openqa.selenium.remote.ElementLocation$ElementFinder$2.findElement(ElementLocation.java:165)
	at org.openqa.selenium.remote.ElementLocation.findElement(ElementLocation.java:59)
	at org.openqa.selenium.remote.RemoteWebDriver.findElement(RemoteWebDriver.java:380)
	at org.openqa.selenium.remote.RemoteWebDriver.findElement(RemoteWebDriver.java:374)
	at org.openqa.selenium.support.pagefactory.DefaultElementLocator.findElement(DefaultElementLocator.java:68)
	at org.openqa.selenium.support.pagefactory.internal.LocatingElementHandler.invoke(LocatingElementHandler.java:38)
	at jdk.proxy2/jdk.proxy2.$Proxy31.getText(Unknown Source)
	at pageObjects.ProductPage.verify_SuccessMsg(ProductPage.java:59)
	at testCases.TC03_AddToCart.testAddToCart(TC03_AddToCart.java:45)
	at java.base/jdk.internal.reflect.DirectMethodHandleAccessor.invoke(DirectMethodHandleAccessor.java:103)
	at java.base/java.lang.reflect.Method.invoke(Method.java:580)
	at org.testng.internal.invokers.MethodInvocationHelper.invokeMethod(MethodInvocationHelper.java:141)
	at org.testng.internal.invokers.TestInvoker.invokeMethod(TestInvoker.java:687)
	at org.testng.internal.invokers.TestInvoker.retryFailed(TestInvoker.java:269)
	at org.testng.internal.invokers.MethodRunner.runInSequence(MethodRunner.java:76)
	at org.testng.internal.invokers.TestInvoker$MethodInvocationAgent.invoke(TestInvoker.java:995)
	at org.testng.internal.invokers.TestInvoker.invokeTestMethods(TestInvoker.java:203)
	at org.testng.internal.invokers.TestMethodWorker.invokeTestMethods(TestMethodWorker.java:154)
	at org.testng.internal.invokers.TestMethodWorker.run(TestMethodWorker.java:134)
	at java.base/java.util.ArrayList.forEach(ArrayList.java:1596)
	at org.testng.TestRunner.privateRun(TestRunner.java:741)
	at org.testng.TestRunner.run(TestRunner.java:616)
	at org.testng.SuiteRunner.runTest(SuiteRunner.java:421)
	at org.testng.SuiteRunner$SuiteWorker.run(SuiteRunner.java:463)
	at org.testng.internal.thread.ThreadUtil.lambda$execute$0(ThreadUtil.java:64)
	at java.base/java.util.concurrent.FutureTask.run(FutureTask.java:317)
	at java.base/java.util.concurrent.ThreadPoolExecutor.runWorker(ThreadPoolExecutor.java:1144)
	at java.base/java.util.concurrent.ThreadPoolExecutor$Worker.run(ThreadPoolExecutor.java:642)
	at java.base/java.lang.Thread.run(Thread.java:1583)
2025-10-19 13:45:48 INFO  TC03_AddToCart:59 - ===== Ending TC03_AddToCart Test =====
2025-10-19 13:45:48 WARN  RetryAnalyzer:18 - Retrying test 'testAddToCart' (2 of 2)
2025-10-19 13:45:48 INFO  TC03_AddToCart:22 - ===== Starting TC03_AddToCart Test =====
2025-10-19 13:45:48 DEBUG TC03_AddToCart:26 - HomePage object created successfully.
2025-10-19 13:45:48 DEBUG TC03_AddToCart:29 - Clicked 'Laptops & Notebooks' link on homepage.
2025-10-19 13:45:49 DEBUG TC02_Login:58 - User logged out successfully.
2025-10-19 13:45:49 INFO  TC02_Login:72 - ===== Ending TC02_Login Test for user: sid@cloudberry.services =====
2025-10-19 13:45:49 INFO  TC02_Login:28 - ===== Starting TC02_Login Test with user: apushedwoman@gmail.com =====
2025-10-19 13:45:49 DEBUG TC02_Login:32 - HomePage object created successfully.
2025-10-19 13:45:49 DEBUG TC02_Login:52 - My Account confirmation displayed: true
2025-10-19 13:45:49 INFO  TC02_Login:55 - Login successful for user: apushedwoman@gmail.com
2025-10-19 13:45:49 DEBUG TC02_Login:35 - Clicked on 'My Account' link.
2025-10-19 13:45:50 DEBUG TC02_Login:38 - Navigated to Login page.
2025-10-19 13:45:50 DEBUG TC02_Login:42 - Entered email: apushedwoman@gmail.com
2025-10-19 13:45:50 DEBUG TC02_Login:45 - Entered password.
2025-10-19 13:45:50 DEBUG TC02_Login:48 - Clicked on Login button.
2025-10-19 13:45:50 DEBUG TC02_Login:58 - User logged out successfully.
2025-10-19 13:45:50 INFO  TC02_Login:72 - ===== Ending TC02_Login Test for user: apushedwoman@gmail.com =====
2025-10-19 13:45:50 INFO  TC02_Login:28 - ===== Starting TC02_Login Test with user: hichamkhachiai@gmail.com =====
2025-10-19 13:45:50 DEBUG TC02_Login:32 - HomePage object created successfully.
2025-10-19 13:45:50 DEBUG TC03_AddToCart:32 - Navigated to Laptops & Notebooks catalog page.
2025-10-19 13:45:50 DEBUG TC02_Login:35 - Clicked on 'My Account' link.
2025-10-19 13:45:51 DEBUG TC02_Login:38 - Navigated to Login page.
2025-10-19 13:45:51 DEBUG TC02_Login:52 - My Account confirmation displayed: true
2025-10-19 13:45:51 INFO  TC02_Login:55 - Login successful for user: apushedwoman@gmail.com
2025-10-19 13:45:51 DEBUG TC02_Login:42 - Entered email: hichamkhachiai@gmail.com
2025-10-19 13:45:51 DEBUG TC02_Login:45 - Entered password.
2025-10-19 13:45:51 DEBUG TC03_AddToCart:36 - Located desired laptop in catalog.
2025-10-19 13:45:51 DEBUG TC02_Login:48 - Clicked on Login button.
2025-10-19 13:45:52 DEBUG TC02_Login:58 - User logged out successfully.
2025-10-19 13:45:52 INFO  TC02_Login:72 - ===== Ending TC02_Login Test for user: apushedwoman@gmail.com =====
2025-10-19 13:45:52 INFO  TC02_Login:28 - ===== Starting TC02_Login Test with user: hichamkhachiai@gmail.com =====
2025-10-19 13:45:52 DEBUG TC02_Login:32 - HomePage object created successfully.
2025-10-19 13:45:52 DEBUG TC02_Login:52 - My Account confirmation displayed: true
2025-10-19 13:45:52 INFO  TC02_Login:55 - Login successful for user: hichamkhachiai@gmail.com
2025-10-19 13:45:52 DEBUG TC03_AddToCart:40 - Set delivery date on product page.
2025-10-19 13:45:53 DEBUG TC02_Login:35 - Clicked on 'My Account' link.
2025-10-19 13:45:53 DEBUG TC03_AddToCart:43 - Clicked 'Add to Cart' button.
2025-10-19 13:45:53 DEBUG TC02_Login:38 - Navigated to Login page.
2025-10-19 13:45:53 DEBUG TC02_Login:42 - Entered email: hichamkhachiai@gmail.com
2025-10-19 13:45:53 DEBUG TC02_Login:45 - Entered password.
2025-10-19 13:45:54 DEBUG TC02_Login:48 - Clicked on Login button.
2025-10-19 13:45:54 DEBUG TC02_Login:58 - User logged out successfully.
2025-10-19 13:45:54 INFO  TC02_Login:72 - ===== Ending TC02_Login Test for user: hichamkhachiai@gmail.com =====
2025-10-19 13:45:54 INFO  BaseClass:137 - Browser session closed successfully
2025-10-19 13:45:54 INFO  BaseClass:43 - Initializing application on OS: windows and Browser: chrome
2025-10-19 13:45:54 DEBUG BaseClass:48 - Loaded configuration properties
2025-10-19 13:45:55 DEBUG TC02_Login:52 - My Account confirmation displayed: true
2025-10-19 13:45:55 INFO  TC02_Login:55 - Login successful for user: hichamkhachiai@gmail.com
2025-10-19 13:45:55 DEBUG BaseClass:117 - Driver assigned to thread-local storage
2025-10-19 13:45:56 DEBUG TC02_Login:58 - User logged out successfully.
2025-10-19 13:45:56 INFO  TC02_Login:72 - ===== Ending TC02_Login Test for user: hichamkhachiai@gmail.com =====
2025-10-19 13:45:57 INFO  BaseClass:137 - Browser session closed successfully
2025-10-19 13:45:57 INFO  BaseClass:43 - Initializing application on OS: windows and Browser: edge
2025-10-19 13:45:57 DEBUG BaseClass:48 - Loaded configuration properties
2025-10-19 13:45:57 INFO  BaseClass:124 - Application launched successfully: https://cloudberrystore.services/
2025-10-19 13:45:57 INFO  TC04_CompletePurchase:25 - ===== Starting TC04_CompletePurchase Test =====
2025-10-19 13:45:57 DEBUG TC04_CompletePurchase:29 - HomePage object created successfully.
2025-10-19 13:45:58 DEBUG BaseClass:117 - Driver assigned to thread-local storage
2025-10-19 13:45:58 DEBUG TC04_CompletePurchase:32 - Clicked on 'Laptops & Notebooks' link.
2025-10-19 13:45:59 DEBUG TC04_CompletePurchase:35 - Navigated to Laptops & Notebooks catalog page.
2025-10-19 13:46:00 INFO  BaseClass:124 - Application launched successfully: https://cloudberrystore.services/
2025-10-19 13:46:00 INFO  TC04_CompletePurchase:25 - ===== Starting TC04_CompletePurchase Test =====
2025-10-19 13:46:00 DEBUG TC04_CompletePurchase:29 - HomePage object created successfully.
2025-10-19 13:46:00 DEBUG TC04_CompletePurchase:32 - Clicked on 'Laptops & Notebooks' link.
2025-10-19 13:46:01 DEBUG TC04_CompletePurchase:39 - Located target laptop on catalog page.
2025-10-19 13:46:02 DEBUG TC04_CompletePurchase:35 - Navigated to Laptops & Notebooks catalog page.
2025-10-19 13:46:03 DEBUG TC04_CompletePurchase:43 - Set delivery date on Product page.
2025-10-19 13:46:03 ERROR TC03_AddToCart:56 - Unexpected exception occurred during AddToCart test.
org.openqa.selenium.NoSuchElementException: Unable to locate element: //div[@class='alert alert-success alert-dismissible']
For documentation on this error, please visit: https://www.selenium.dev/documentation/webdriver/troubleshooting/errors#no-such-element-exception
Build info: version: '4.35.0', revision: '1c58e5028b'
System info: os.name: 'Windows 11', os.arch: 'amd64', os.version: '10.0', java.version: '21.0.8'
Driver info: org.openqa.selenium.remote.RemoteWebDriver
Command: [a6460369-fc9a-4d26-bb43-dbdfb642d6b5, findElement {using=xpath, value=//div[@class='alert alert-success alert-dismissible']}]
Capabilities {acceptInsecureCerts: true, browserName: firefox, browserVersion: 144.0, moz:accessibilityChecks: false, moz:buildID: 20251009125714, moz:firefoxOptions: {binary: C:\Program Files\Mozilla Fi..., prefs: {remote.active-protocols: 1}}, moz:geckodriverVersion: 0.36.0, moz:headless: false, moz:platformVersion: 10.0, moz:processID: 17744, moz:profile: C:\Users\KAYLAA~1\AppData\L..., moz:shutdownTimeout: 60000, moz:webdriverClick: true, moz:windowless: false, pageLoadStrategy: normal, platformName: Windows 11, proxy: Proxy(), se:bidiEnabled: false, se:cdpEnabled: false, setWindowRect: true, strictFileInteractability: false, timeouts: {implicit: 0, pageLoad: 300000, script: 30000}, unhandledPromptBehavior: dismiss and notify, userAgent: Mozilla/5.0 (Windows NT 10....}
Session ID: a6460369-fc9a-4d26-bb43-dbdfb642d6b5
	at java.base/jdk.internal.reflect.DirectConstructorHandleAccessor.newInstance(DirectConstructorHandleAccessor.java:62)
	at java.base/java.lang.reflect.Constructor.newInstanceWithCaller(Constructor.java:502)
	at java.base/java.lang.reflect.Constructor.newInstance(Constructor.java:486)
	at org.openqa.selenium.remote.ErrorCodec.decode(ErrorCodec.java:167)
	at org.openqa.selenium.remote.codec.w3c.W3CHttpResponseCodec.decode(W3CHttpResponseCodec.java:138)
	at org.openqa.selenium.remote.codec.w3c.W3CHttpResponseCodec.decode(W3CHttpResponseCodec.java:50)
	at org.openqa.selenium.remote.HttpCommandExecutor.execute(HttpCommandExecutor.java:215)
	at org.openqa.selenium.remote.TracedCommandExecutor.execute(TracedCommandExecutor.java:53)
	at org.openqa.selenium.remote.RemoteWebDriver.execute(RemoteWebDriver.java:557)
	at org.openqa.selenium.remote.ElementLocation$ElementFinder$2.findElement(ElementLocation.java:165)
	at org.openqa.selenium.remote.ElementLocation.findElement(ElementLocation.java:59)
	at org.openqa.selenium.remote.RemoteWebDriver.findElement(RemoteWebDriver.java:380)
	at org.openqa.selenium.remote.RemoteWebDriver.findElement(RemoteWebDriver.java:374)
	at org.openqa.selenium.support.pagefactory.DefaultElementLocator.findElement(DefaultElementLocator.java:68)
	at org.openqa.selenium.support.pagefactory.internal.LocatingElementHandler.invoke(LocatingElementHandler.java:38)
	at jdk.proxy2/jdk.proxy2.$Proxy31.getText(Unknown Source)
	at pageObjects.ProductPage.verify_SuccessMsg(ProductPage.java:59)
	at testCases.TC03_AddToCart.testAddToCart(TC03_AddToCart.java:45)
	at java.base/jdk.internal.reflect.DirectMethodHandleAccessor.invoke(DirectMethodHandleAccessor.java:103)
	at java.base/java.lang.reflect.Method.invoke(Method.java:580)
	at org.testng.internal.invokers.MethodInvocationHelper.invokeMethod(MethodInvocationHelper.java:141)
	at org.testng.internal.invokers.TestInvoker.invokeMethod(TestInvoker.java:687)
	at org.testng.internal.invokers.TestInvoker.retryFailed(TestInvoker.java:269)
	at org.testng.internal.invokers.MethodRunner.runInSequence(MethodRunner.java:76)
	at org.testng.internal.invokers.TestInvoker$MethodInvocationAgent.invoke(TestInvoker.java:995)
	at org.testng.internal.invokers.TestInvoker.invokeTestMethods(TestInvoker.java:203)
	at org.testng.internal.invokers.TestMethodWorker.invokeTestMethods(TestMethodWorker.java:154)
	at org.testng.internal.invokers.TestMethodWorker.run(TestMethodWorker.java:134)
	at java.base/java.util.ArrayList.forEach(ArrayList.java:1596)
	at org.testng.TestRunner.privateRun(TestRunner.java:741)
	at org.testng.TestRunner.run(TestRunner.java:616)
	at org.testng.SuiteRunner.runTest(SuiteRunner.java:421)
	at org.testng.SuiteRunner$SuiteWorker.run(SuiteRunner.java:463)
	at org.testng.internal.thread.ThreadUtil.lambda$execute$0(ThreadUtil.java:64)
	at java.base/java.util.concurrent.FutureTask.run(FutureTask.java:317)
	at java.base/java.util.concurrent.ThreadPoolExecutor.runWorker(ThreadPoolExecutor.java:1144)
	at java.base/java.util.concurrent.ThreadPoolExecutor$Worker.run(ThreadPoolExecutor.java:642)
	at java.base/java.lang.Thread.run(Thread.java:1583)
2025-10-19 13:46:03 INFO  TC03_AddToCart:59 - ===== Ending TC03_AddToCart Test =====
2025-10-19 13:46:03 DEBUG TC04_CompletePurchase:46 - Clicked 'Add to Cart' button.
2025-10-19 13:46:03 INFO  BaseClass:152 - Screenshot captured: C:\Workspaces\April2025Batch\NinjaV5\screenshots\testAddToCart_20251019014603.png
2025-10-19 13:46:04 INFO  BaseClass:137 - Browser session closed successfully
2025-10-19 13:46:04 INFO  BaseClass:43 - Initializing application on OS: windows and Browser: firefox
2025-10-19 13:46:04 DEBUG BaseClass:48 - Loaded configuration properties
2025-10-19 13:46:04 DEBUG TC04_CompletePurchase:50 - Scrolled to Checkout section.
2025-10-19 13:46:05 DEBUG TC04_CompletePurchase:39 - Located target laptop on catalog page.
2025-10-19 13:46:05 DEBUG TC04_CompletePurchase:53 - Navigated to login page from checkout.
2025-10-19 13:46:05 DEBUG TC04_CompletePurchase:57 - Entered email for login.
2025-10-19 13:46:05 DEBUG TC04_CompletePurchase:60 - Entered password for login.
2025-10-19 13:46:06 DEBUG TC04_CompletePurchase:63 - Clicked Login button.
2025-10-19 13:46:06 DEBUG TC04_CompletePurchase:43 - Set delivery date on Product page.
2025-10-19 13:46:07 DEBUG TC04_CompletePurchase:46 - Clicked 'Add to Cart' button.
2025-10-19 13:46:09 DEBUG TC04_CompletePurchase:50 - Scrolled to Checkout section.
2025-10-19 13:46:10 DEBUG TC04_CompletePurchase:53 - Navigated to login page from checkout.
2025-10-19 13:46:10 DEBUG TC04_CompletePurchase:57 - Entered email for login.
2025-10-19 13:46:10 DEBUG TC04_CompletePurchase:60 - Entered password for login.
2025-10-19 13:46:10 DEBUG TC04_CompletePurchase:63 - Clicked Login button.
2025-10-19 13:46:10 DEBUG BaseClass:117 - Driver assigned to thread-local storage
2025-10-19 13:46:11 DEBUG TC04_CompletePurchase:66 - Completed checkout process.
2025-10-19 13:46:13 DEBUG TC04_CompletePurchase:70 - Order confirmation status: true
2025-10-19 13:46:13 INFO  TC04_CompletePurchase:73 - Assertion passed: Order placed successfully.
2025-10-19 13:46:13 INFO  TC04_CompletePurchase:82 - ===== Ending TC04_CompletePurchase Test =====
2025-10-19 13:46:13 INFO  BaseClass:137 - Browser session closed successfully
2025-10-19 13:46:20 INFO  BaseClass:124 - Application launched successfully: https://cloudberrystore.services/
2025-10-19 13:46:20 INFO  TC05_AddToWishList:23 - ===== Starting TC05_AddToWishList Test =====
2025-10-19 13:46:20 DEBUG TC05_AddToWishList:27 - HomePage object created successfully.
2025-10-19 13:46:20 DEBUG TC05_AddToWishList:30 - Clicked on 'My Account' link.
2025-10-19 13:46:22 ERROR TC04_CompletePurchase:79 - Unexpected exception occurred during Complete Purchase test.
org.openqa.selenium.NoSuchElementException: no such element: Unable to locate element: {"method":"css selector","selector":"#button\-shipping\-method"}
  (Session info: MicrosoftEdge=141.0.3537.85)
For documentation on this error, please visit: https://www.selenium.dev/documentation/webdriver/troubleshooting/errors#no-such-element-exception
Build info: version: '4.35.0', revision: '1c58e5028b'
System info: os.name: 'Windows 11', os.arch: 'amd64', os.version: '10.0', java.version: '21.0.8'
Driver info: org.openqa.selenium.remote.RemoteWebDriver
Command: [5375cdf628602e6ee1c8b4199bccf251, findElement {using=id, value=button-shipping-method}]
Capabilities {acceptInsecureCerts: false, browserName: MicrosoftEdge, browserVersion: 141.0.3537.85, fedcm:accounts: true, ms:edgeOptions: {debuggerAddress: localhost:59551}, msedge: {msedgedriverVersion: 141.0.3537.85 (229e1a17645e..., userDataDir: C:\Users\KAYLAA~1\AppData\L...}, networkConnectionEnabled: false, pageLoadStrategy: normal, platformName: Windows 11, proxy: Proxy(), se:bidiEnabled: false, se:cdp: ws://192.168.50.19:4444/ses..., se:cdpVersion: 141.0.3537.85, setWindowRect: true, strictFileInteractability: false, timeouts: {implicit: 0, pageLoad: 300000, script: 30000}, unhandledPromptBehavior: dismiss and notify, webauthn:extension:credBlob: true, webauthn:extension:largeBlob: true, webauthn:extension:minPinLength: true, webauthn:extension:prf: true, webauthn:virtualAuthenticators: true}
Session ID: 5375cdf628602e6ee1c8b4199bccf251
	at java.base/jdk.internal.reflect.DirectConstructorHandleAccessor.newInstance(DirectConstructorHandleAccessor.java:62)
	at java.base/java.lang.reflect.Constructor.newInstanceWithCaller(Constructor.java:502)
	at java.base/java.lang.reflect.Constructor.newInstance(Constructor.java:486)
	at org.openqa.selenium.remote.ErrorCodec.decode(ErrorCodec.java:167)
	at org.openqa.selenium.remote.codec.w3c.W3CHttpResponseCodec.decode(W3CHttpResponseCodec.java:138)
	at org.openqa.selenium.remote.codec.w3c.W3CHttpResponseCodec.decode(W3CHttpResponseCodec.java:50)
	at org.openqa.selenium.remote.HttpCommandExecutor.execute(HttpCommandExecutor.java:215)
	at org.openqa.selenium.remote.TracedCommandExecutor.execute(TracedCommandExecutor.java:53)
	at org.openqa.selenium.remote.RemoteWebDriver.execute(RemoteWebDriver.java:557)
	at org.openqa.selenium.remote.ElementLocation$ElementFinder$2.findElement(ElementLocation.java:165)
	at org.openqa.selenium.remote.ElementLocation.findElement(ElementLocation.java:59)
	at org.openqa.selenium.remote.RemoteWebDriver.findElement(RemoteWebDriver.java:380)
	at org.openqa.selenium.remote.RemoteWebDriver.findElement(RemoteWebDriver.java:374)
	at org.openqa.selenium.support.pagefactory.DefaultElementLocator.findElement(DefaultElementLocator.java:68)
	at org.openqa.selenium.support.pagefactory.internal.LocatingElementHandler.invoke(LocatingElementHandler.java:38)
	at jdk.proxy2/jdk.proxy2.$Proxy31.click(Unknown Source)
	at pageObjects.CheckoutPage.completeCheckout(CheckoutPage.java:61)
	at testCases.TC04_CompletePurchase.addToCart(TC04_CompletePurchase.java:65)
	at java.base/jdk.internal.reflect.DirectMethodHandleAccessor.invoke(DirectMethodHandleAccessor.java:103)
	at java.base/java.lang.reflect.Method.invoke(Method.java:580)
	at org.testng.internal.invokers.MethodInvocationHelper.invokeMethod(MethodInvocationHelper.java:141)
	at org.testng.internal.invokers.TestInvoker.invokeMethod(TestInvoker.java:687)
	at org.testng.internal.invokers.TestInvoker.invokeTestMethod(TestInvoker.java:230)
	at org.testng.internal.invokers.MethodRunner.runInSequence(MethodRunner.java:63)
	at org.testng.internal.invokers.TestInvoker$MethodInvocationAgent.invoke(TestInvoker.java:995)
	at org.testng.internal.invokers.TestInvoker.invokeTestMethods(TestInvoker.java:203)
	at org.testng.internal.invokers.TestMethodWorker.invokeTestMethods(TestMethodWorker.java:154)
	at org.testng.internal.invokers.TestMethodWorker.run(TestMethodWorker.java:134)
	at java.base/java.util.ArrayList.forEach(ArrayList.java:1596)
	at org.testng.TestRunner.privateRun(TestRunner.java:741)
	at org.testng.TestRunner.run(TestRunner.java:616)
	at org.testng.SuiteRunner.runTest(SuiteRunner.java:421)
	at org.testng.SuiteRunner$SuiteWorker.run(SuiteRunner.java:463)
	at org.testng.internal.thread.ThreadUtil.lambda$execute$0(ThreadUtil.java:64)
	at java.base/java.util.concurrent.FutureTask.run(FutureTask.java:317)
	at java.base/java.util.concurrent.ThreadPoolExecutor.runWorker(ThreadPoolExecutor.java:1144)
	at java.base/java.util.concurrent.ThreadPoolExecutor$Worker.run(ThreadPoolExecutor.java:642)
	at java.base/java.lang.Thread.run(Thread.java:1583)
2025-10-19 13:46:22 INFO  TC04_CompletePurchase:82 - ===== Ending TC04_CompletePurchase Test =====
2025-10-19 13:46:22 WARN  RetryAnalyzer:18 - Retrying test 'addToCart' (1 of 2)
2025-10-19 13:46:22 INFO  TC04_CompletePurchase:25 - ===== Starting TC04_CompletePurchase Test =====
2025-10-19 13:46:22 DEBUG TC04_CompletePurchase:29 - HomePage object created successfully.
2025-10-19 13:46:22 DEBUG TC04_CompletePurchase:32 - Clicked on 'Laptops & Notebooks' link.
2025-10-19 13:46:23 DEBUG TC04_CompletePurchase:35 - Navigated to Laptops & Notebooks catalog page.
2025-10-19 13:46:24 DEBUG TC04_CompletePurchase:39 - Located target laptop on catalog page.
2025-10-19 13:46:25 DEBUG TC05_AddToWishList:33 - Navigated to login page.
2025-10-19 13:46:25 DEBUG TC05_AddToWishList:37 - Entered email for login.
2025-10-19 13:46:25 DEBUG TC05_AddToWishList:40 - Entered password for login.
2025-10-19 13:46:25 DEBUG TC04_CompletePurchase:43 - Set delivery date on Product page.
2025-10-19 13:46:25 DEBUG TC05_AddToWishList:43 - Clicked Login button.
2025-10-19 13:46:25 DEBUG TC04_CompletePurchase:46 - Clicked 'Add to Cart' button.
2025-10-19 13:46:25 DEBUG TC05_AddToWishList:46 - Waited briefly after login to ensure page load.
2025-10-19 13:46:26 DEBUG TC05_AddToWishList:49 - Clicked on 'Laptops & Notebooks' link.
2025-10-19 13:46:26 DEBUG TC04_CompletePurchase:50 - Scrolled to Checkout section.
2025-10-19 13:46:26 DEBUG TC05_AddToWishList:52 - Navigated to Laptops & Notebooks catalog page.
2025-10-19 13:46:27 DEBUG TC05_AddToWishList:56 - Located target laptop on catalog page.
2025-10-19 13:46:27 DEBUG TC05_AddToWishList:60 - Clicked 'Add to Wishlist' button.
2025-10-19 13:46:27 DEBUG TC05_AddToWishList:63 - Success message received: Success: You have added HP LP3065 to your wish list!
2025-10-19 13:46:27 INFO  TC05_AddToWishList:66 - Assertion passed: Wishlist success message displayed correctly.
2025-10-19 13:46:27 INFO  TC05_AddToWishList:75 - ===== Ending TC05_AddToWishList Test =====
2025-10-19 13:46:28 INFO  BaseClass:137 - Browser session closed successfully
2025-10-19 13:46:28 INFO  BaseClass:43 - Initializing application on OS: windows and Browser: firefox
2025-10-19 13:46:28 DEBUG BaseClass:48 - Loaded configuration properties
2025-10-19 13:46:32 DEBUG BaseClass:117 - Driver assigned to thread-local storage
2025-10-19 13:46:33 INFO  BaseClass:124 - Application launched successfully: https://cloudberrystore.services/
2025-10-19 13:46:33 INFO  TC06_AddAffiliate:22 - ===== Starting TC06_AddAffiliate Test =====
2025-10-19 13:46:33 DEBUG TC06_AddAffiliate:26 - HomePage object created successfully.
2025-10-19 13:46:34 DEBUG TC06_AddAffiliate:29 - Clicked on 'Affiliate' link from home page.
2025-10-19 13:46:34 DEBUG TC06_AddAffiliate:33 - Entered affiliate user email.
2025-10-19 13:46:34 DEBUG TC06_AddAffiliate:36 - Entered affiliate user password.
2025-10-19 13:46:34 DEBUG TC06_AddAffiliate:39 - Clicked Login button.
2025-10-19 13:46:36 DEBUG TC06_AddAffiliate:43 - Completed affiliate registration form.
2025-10-19 13:46:36 ERROR TC04_CompletePurchase:79 - Unexpected exception occurred during Complete Purchase test.
org.openqa.selenium.NoSuchElementException: no such element: Unable to locate element: {"method":"xpath","selector":"//strong[normalize-space()='login page']"}
  (Session info: MicrosoftEdge=141.0.3537.85)
For documentation on this error, please visit: https://www.selenium.dev/documentation/webdriver/troubleshooting/errors#no-such-element-exception
Build info: version: '4.35.0', revision: '1c58e5028b'
System info: os.name: 'Windows 11', os.arch: 'amd64', os.version: '10.0', java.version: '21.0.8'
Driver info: org.openqa.selenium.remote.RemoteWebDriver
Command: [5375cdf628602e6ee1c8b4199bccf251, findElement {using=xpath, value=//strong[normalize-space()='login page']}]
Capabilities {acceptInsecureCerts: false, browserName: MicrosoftEdge, browserVersion: 141.0.3537.85, fedcm:accounts: true, ms:edgeOptions: {debuggerAddress: localhost:59551}, msedge: {msedgedriverVersion: 141.0.3537.85 (229e1a17645e..., userDataDir: C:\Users\KAYLAA~1\AppData\L...}, networkConnectionEnabled: false, pageLoadStrategy: normal, platformName: Windows 11, proxy: Proxy(), se:bidiEnabled: false, se:cdp: ws://192.168.50.19:4444/ses..., se:cdpVersion: 141.0.3537.85, setWindowRect: true, strictFileInteractability: false, timeouts: {implicit: 0, pageLoad: 300000, script: 30000}, unhandledPromptBehavior: dismiss and notify, webauthn:extension:credBlob: true, webauthn:extension:largeBlob: true, webauthn:extension:minPinLength: true, webauthn:extension:prf: true, webauthn:virtualAuthenticators: true}
Session ID: 5375cdf628602e6ee1c8b4199bccf251
	at java.base/jdk.internal.reflect.DirectConstructorHandleAccessor.newInstance(DirectConstructorHandleAccessor.java:62)
	at java.base/java.lang.reflect.Constructor.newInstanceWithCaller(Constructor.java:502)
	at java.base/java.lang.reflect.Constructor.newInstance(Constructor.java:486)
	at org.openqa.selenium.remote.ErrorCodec.decode(ErrorCodec.java:167)
	at org.openqa.selenium.remote.codec.w3c.W3CHttpResponseCodec.decode(W3CHttpResponseCodec.java:138)
	at org.openqa.selenium.remote.codec.w3c.W3CHttpResponseCodec.decode(W3CHttpResponseCodec.java:50)
	at org.openqa.selenium.remote.HttpCommandExecutor.execute(HttpCommandExecutor.java:215)
	at org.openqa.selenium.remote.TracedCommandExecutor.execute(TracedCommandExecutor.java:53)
	at org.openqa.selenium.remote.RemoteWebDriver.execute(RemoteWebDriver.java:557)
	at org.openqa.selenium.remote.ElementLocation$ElementFinder$2.findElement(ElementLocation.java:165)
	at org.openqa.selenium.remote.ElementLocation.findElement(ElementLocation.java:59)
	at org.openqa.selenium.remote.RemoteWebDriver.findElement(RemoteWebDriver.java:380)
	at org.openqa.selenium.remote.RemoteWebDriver.findElement(RemoteWebDriver.java:374)
	at org.openqa.selenium.support.pagefactory.DefaultElementLocator.findElement(DefaultElementLocator.java:68)
	at org.openqa.selenium.support.pagefactory.internal.LocatingElementHandler.invoke(LocatingElementHandler.java:38)
	at jdk.proxy2/jdk.proxy2.$Proxy31.click(Unknown Source)
	at pageObjects.CheckoutPage.goToLogin(CheckoutPage.java:54)
	at testCases.TC04_CompletePurchase.addToCart(TC04_CompletePurchase.java:52)
	at java.base/jdk.internal.reflect.DirectMethodHandleAccessor.invoke(DirectMethodHandleAccessor.java:103)
	at java.base/java.lang.reflect.Method.invoke(Method.java:580)
	at org.testng.internal.invokers.MethodInvocationHelper.invokeMethod(MethodInvocationHelper.java:141)
	at org.testng.internal.invokers.TestInvoker.invokeMethod(TestInvoker.java:687)
	at org.testng.internal.invokers.TestInvoker.retryFailed(TestInvoker.java:269)
	at org.testng.internal.invokers.MethodRunner.runInSequence(MethodRunner.java:76)
	at org.testng.internal.invokers.TestInvoker$MethodInvocationAgent.invoke(TestInvoker.java:995)
	at org.testng.internal.invokers.TestInvoker.invokeTestMethods(TestInvoker.java:203)
	at org.testng.internal.invokers.TestMethodWorker.invokeTestMethods(TestMethodWorker.java:154)
	at org.testng.internal.invokers.TestMethodWorker.run(TestMethodWorker.java:134)
	at java.base/java.util.ArrayList.forEach(ArrayList.java:1596)
	at org.testng.TestRunner.privateRun(TestRunner.java:741)
	at org.testng.TestRunner.run(TestRunner.java:616)
	at org.testng.SuiteRunner.runTest(SuiteRunner.java:421)
	at org.testng.SuiteRunner$SuiteWorker.run(SuiteRunner.java:463)
	at org.testng.internal.thread.ThreadUtil.lambda$execute$0(ThreadUtil.java:64)
	at java.base/java.util.concurrent.FutureTask.run(FutureTask.java:317)
	at java.base/java.util.concurrent.ThreadPoolExecutor.runWorker(ThreadPoolExecutor.java:1144)
	at java.base/java.util.concurrent.ThreadPoolExecutor$Worker.run(ThreadPoolExecutor.java:642)
	at java.base/java.lang.Thread.run(Thread.java:1583)
2025-10-19 13:46:36 INFO  TC04_CompletePurchase:82 - ===== Ending TC04_CompletePurchase Test =====
2025-10-19 13:46:36 WARN  RetryAnalyzer:18 - Retrying test 'addToCart' (2 of 2)
2025-10-19 13:46:36 DEBUG TC06_AddAffiliate:46 - Affiliate confirmation display status: true
2025-10-19 13:46:36 INFO  TC06_AddAffiliate:49 - Assertion passed: Affiliate registration confirmed successfully.
2025-10-19 13:46:36 INFO  TC06_AddAffiliate:58 - ===== Ending TC06_AddAffiliate Test =====
2025-10-19 13:46:36 INFO  TC04_CompletePurchase:25 - ===== Starting TC04_CompletePurchase Test =====
2025-10-19 13:46:36 DEBUG TC04_CompletePurchase:29 - HomePage object created successfully.
2025-10-19 13:46:36 DEBUG TC04_CompletePurchase:32 - Clicked on 'Laptops & Notebooks' link.
2025-10-19 13:46:36 DEBUG TC04_CompletePurchase:35 - Navigated to Laptops & Notebooks catalog page.
2025-10-19 13:46:37 INFO  BaseClass:137 - Browser session closed successfully
2025-10-19 13:46:37 INFO  BaseClass:43 - Initializing application on OS: windows and Browser: firefox
2025-10-19 13:46:37 DEBUG BaseClass:48 - Loaded configuration properties
2025-10-19 13:46:38 DEBUG TC04_CompletePurchase:39 - Located target laptop on catalog page.
2025-10-19 13:46:39 DEBUG TC04_CompletePurchase:43 - Set delivery date on Product page.
2025-10-19 13:46:39 DEBUG TC04_CompletePurchase:46 - Clicked 'Add to Cart' button.
2025-10-19 13:46:40 DEBUG TC04_CompletePurchase:50 - Scrolled to Checkout section.
2025-10-19 13:46:41 DEBUG BaseClass:117 - Driver assigned to thread-local storage
2025-10-19 13:46:50 ERROR TC04_CompletePurchase:79 - Unexpected exception occurred during Complete Purchase test.
org.openqa.selenium.NoSuchElementException: no such element: Unable to locate element: {"method":"xpath","selector":"//strong[normalize-space()='login page']"}
  (Session info: MicrosoftEdge=141.0.3537.85)
For documentation on this error, please visit: https://www.selenium.dev/documentation/webdriver/troubleshooting/errors#no-such-element-exception
Build info: version: '4.35.0', revision: '1c58e5028b'
System info: os.name: 'Windows 11', os.arch: 'amd64', os.version: '10.0', java.version: '21.0.8'
Driver info: org.openqa.selenium.remote.RemoteWebDriver
Command: [5375cdf628602e6ee1c8b4199bccf251, findElement {using=xpath, value=//strong[normalize-space()='login page']}]
Capabilities {acceptInsecureCerts: false, browserName: MicrosoftEdge, browserVersion: 141.0.3537.85, fedcm:accounts: true, ms:edgeOptions: {debuggerAddress: localhost:59551}, msedge: {msedgedriverVersion: 141.0.3537.85 (229e1a17645e..., userDataDir: C:\Users\KAYLAA~1\AppData\L...}, networkConnectionEnabled: false, pageLoadStrategy: normal, platformName: Windows 11, proxy: Proxy(), se:bidiEnabled: false, se:cdp: ws://192.168.50.19:4444/ses..., se:cdpVersion: 141.0.3537.85, setWindowRect: true, strictFileInteractability: false, timeouts: {implicit: 0, pageLoad: 300000, script: 30000}, unhandledPromptBehavior: dismiss and notify, webauthn:extension:credBlob: true, webauthn:extension:largeBlob: true, webauthn:extension:minPinLength: true, webauthn:extension:prf: true, webauthn:virtualAuthenticators: true}
Session ID: 5375cdf628602e6ee1c8b4199bccf251
	at java.base/jdk.internal.reflect.DirectConstructorHandleAccessor.newInstance(DirectConstructorHandleAccessor.java:62)
	at java.base/java.lang.reflect.Constructor.newInstanceWithCaller(Constructor.java:502)
	at java.base/java.lang.reflect.Constructor.newInstance(Constructor.java:486)
	at org.openqa.selenium.remote.ErrorCodec.decode(ErrorCodec.java:167)
	at org.openqa.selenium.remote.codec.w3c.W3CHttpResponseCodec.decode(W3CHttpResponseCodec.java:138)
	at org.openqa.selenium.remote.codec.w3c.W3CHttpResponseCodec.decode(W3CHttpResponseCodec.java:50)
	at org.openqa.selenium.remote.HttpCommandExecutor.execute(HttpCommandExecutor.java:215)
	at org.openqa.selenium.remote.TracedCommandExecutor.execute(TracedCommandExecutor.java:53)
	at org.openqa.selenium.remote.RemoteWebDriver.execute(RemoteWebDriver.java:557)
	at org.openqa.selenium.remote.ElementLocation$ElementFinder$2.findElement(ElementLocation.java:165)
	at org.openqa.selenium.remote.ElementLocation.findElement(ElementLocation.java:59)
	at org.openqa.selenium.remote.RemoteWebDriver.findElement(RemoteWebDriver.java:380)
	at org.openqa.selenium.remote.RemoteWebDriver.findElement(RemoteWebDriver.java:374)
	at org.openqa.selenium.support.pagefactory.DefaultElementLocator.findElement(DefaultElementLocator.java:68)
	at org.openqa.selenium.support.pagefactory.internal.LocatingElementHandler.invoke(LocatingElementHandler.java:38)
	at jdk.proxy2/jdk.proxy2.$Proxy31.click(Unknown Source)
	at pageObjects.CheckoutPage.goToLogin(CheckoutPage.java:54)
	at testCases.TC04_CompletePurchase.addToCart(TC04_CompletePurchase.java:52)
	at java.base/jdk.internal.reflect.DirectMethodHandleAccessor.invoke(DirectMethodHandleAccessor.java:103)
	at java.base/java.lang.reflect.Method.invoke(Method.java:580)
	at org.testng.internal.invokers.MethodInvocationHelper.invokeMethod(MethodInvocationHelper.java:141)
	at org.testng.internal.invokers.TestInvoker.invokeMethod(TestInvoker.java:687)
	at org.testng.internal.invokers.TestInvoker.retryFailed(TestInvoker.java:269)
	at org.testng.internal.invokers.MethodRunner.runInSequence(MethodRunner.java:76)
	at org.testng.internal.invokers.TestInvoker$MethodInvocationAgent.invoke(TestInvoker.java:995)
	at org.testng.internal.invokers.TestInvoker.invokeTestMethods(TestInvoker.java:203)
	at org.testng.internal.invokers.TestMethodWorker.invokeTestMethods(TestMethodWorker.java:154)
	at org.testng.internal.invokers.TestMethodWorker.run(TestMethodWorker.java:134)
	at java.base/java.util.ArrayList.forEach(ArrayList.java:1596)
	at org.testng.TestRunner.privateRun(TestRunner.java:741)
	at org.testng.TestRunner.run(TestRunner.java:616)
	at org.testng.SuiteRunner.runTest(SuiteRunner.java:421)
	at org.testng.SuiteRunner$SuiteWorker.run(SuiteRunner.java:463)
	at org.testng.internal.thread.ThreadUtil.lambda$execute$0(ThreadUtil.java:64)
	at java.base/java.util.concurrent.FutureTask.run(FutureTask.java:317)
	at java.base/java.util.concurrent.ThreadPoolExecutor.runWorker(ThreadPoolExecutor.java:1144)
	at java.base/java.util.concurrent.ThreadPoolExecutor$Worker.run(ThreadPoolExecutor.java:642)
	at java.base/java.lang.Thread.run(Thread.java:1583)
2025-10-19 13:46:50 INFO  TC04_CompletePurchase:82 - ===== Ending TC04_CompletePurchase Test =====
2025-10-19 13:46:50 INFO  BaseClass:152 - Screenshot captured: C:\Workspaces\April2025Batch\NinjaV5\screenshots\addToCart_20251019014650.png
2025-10-19 13:46:51 INFO  BaseClass:137 - Browser session closed successfully
2025-10-19 13:46:51 ERROR BaseClass:129 - Error occurred while launching the application
org.openqa.selenium.TimeoutException: Navigation timed out after 10000 ms
Build info: version: '4.35.0', revision: '1c58e5028b'
System info: os.name: 'Windows 11', os.arch: 'amd64', os.version: '10.0', java.version: '21.0.8'
Driver info: org.openqa.selenium.remote.RemoteWebDriver
Command: [8b0fde1d-d8f4-4464-8d04-84897b6e3658, get {url=https://cloudberrystore.services/}]
Capabilities {acceptInsecureCerts: true, browserName: firefox, browserVersion: 144.0, moz:accessibilityChecks: false, moz:buildID: 20251009125714, moz:firefoxOptions: {binary: C:\Program Files\Mozilla Fi..., prefs: {remote.active-protocols: 1}}, moz:geckodriverVersion: 0.36.0, moz:headless: false, moz:platformVersion: 10.0, moz:processID: 18124, moz:profile: C:\Users\KAYLAA~1\AppData\L..., moz:shutdownTimeout: 60000, moz:webdriverClick: true, moz:windowless: false, pageLoadStrategy: normal, platformName: Windows 11, proxy: Proxy(), se:bidiEnabled: false, se:cdpEnabled: false, setWindowRect: true, strictFileInteractability: false, timeouts: {implicit: 0, pageLoad: 300000, script: 30000}, unhandledPromptBehavior: dismiss and notify, userAgent: Mozilla/5.0 (Windows NT 10....}
Session ID: 8b0fde1d-d8f4-4464-8d04-84897b6e3658
	at java.base/jdk.internal.reflect.DirectConstructorHandleAccessor.newInstance(DirectConstructorHandleAccessor.java:62)
	at java.base/java.lang.reflect.Constructor.newInstanceWithCaller(Constructor.java:502)
	at java.base/java.lang.reflect.Constructor.newInstance(Constructor.java:486)
	at org.openqa.selenium.remote.ErrorCodec.decode(ErrorCodec.java:167)
	at org.openqa.selenium.remote.codec.w3c.W3CHttpResponseCodec.decode(W3CHttpResponseCodec.java:138)
	at org.openqa.selenium.remote.codec.w3c.W3CHttpResponseCodec.decode(W3CHttpResponseCodec.java:50)
	at org.openqa.selenium.remote.HttpCommandExecutor.execute(HttpCommandExecutor.java:215)
	at org.openqa.selenium.remote.TracedCommandExecutor.execute(TracedCommandExecutor.java:53)
	at org.openqa.selenium.remote.RemoteWebDriver.execute(RemoteWebDriver.java:557)
	at org.openqa.selenium.remote.RemoteWebDriver.get(RemoteWebDriver.java:325)
	at testBase.BaseClass.openApp(BaseClass.java:122)
	at java.base/jdk.internal.reflect.DirectMethodHandleAccessor.invoke(DirectMethodHandleAccessor.java:103)
	at java.base/java.lang.reflect.Method.invoke(Method.java:580)
	at org.testng.internal.invokers.MethodInvocationHelper.invokeMethod(MethodInvocationHelper.java:141)
	at org.testng.internal.invokers.MethodInvocationHelper.invokeMethodConsideringTimeout(MethodInvocationHelper.java:71)
	at org.testng.internal.invokers.ConfigInvoker.invokeConfigurationMethod(ConfigInvoker.java:400)
	at org.testng.internal.invokers.ConfigInvoker.invokeConfigurations(ConfigInvoker.java:333)
	at org.testng.internal.invokers.TestMethodWorker.invokeBeforeClassMethods(TestMethodWorker.java:188)
	at org.testng.internal.invokers.TestMethodWorker.run(TestMethodWorker.java:128)
	at java.base/java.util.ArrayList.forEach(ArrayList.java:1596)
	at org.testng.TestRunner.privateRun(TestRunner.java:741)
	at org.testng.TestRunner.run(TestRunner.java:616)
	at org.testng.SuiteRunner.runTest(SuiteRunner.java:421)
	at org.testng.SuiteRunner$SuiteWorker.run(SuiteRunner.java:463)
	at org.testng.internal.thread.ThreadUtil.lambda$execute$0(ThreadUtil.java:64)
	at java.base/java.util.concurrent.FutureTask.run(FutureTask.java:317)
	at java.base/java.util.concurrent.ThreadPoolExecutor.runWorker(ThreadPoolExecutor.java:1144)
	at java.base/java.util.concurrent.ThreadPoolExecutor$Worker.run(ThreadPoolExecutor.java:642)
	at java.base/java.lang.Thread.run(Thread.java:1583)
2025-10-19 13:46:51 DEBUG PackageRelationshipCollection:307 - Parsing relationship: /xl/_rels/workbook.xml.rels
2025-10-19 13:46:51 DEBUG PackageRelationshipCollection:307 - Parsing relationship: /xl/worksheets/_rels/sheet1.xml.rels
2025-10-19 13:46:51 DEBUG PackageRelationshipCollection:307 - Parsing relationship: /_rels/.rels
2025-10-19 13:46:51 DEBUG POIXMLFactory:65 - using default POIXMLDocumentPart for http://schemas.openxmlformats.org/officeDocument/2006/relationships/printerSettings
2025-10-19 13:46:51 DEBUG PackageRelationshipCollection:307 - Parsing relationship: /xl/_rels/workbook.xml.rels
2025-10-19 13:46:51 DEBUG PackageRelationshipCollection:307 - Parsing relationship: /xl/worksheets/_rels/sheet1.xml.rels
2025-10-19 13:46:51 DEBUG PackageRelationshipCollection:307 - Parsing relationship: /_rels/.rels
2025-10-19 13:46:51 DEBUG POIXMLFactory:65 - using default POIXMLDocumentPart for http://schemas.openxmlformats.org/officeDocument/2006/relationships/printerSettings
2025-10-19 13:46:51 DEBUG PackageRelationshipCollection:307 - Parsing relationship: /xl/_rels/workbook.xml.rels
2025-10-19 13:46:51 DEBUG PackageRelationshipCollection:307 - Parsing relationship: /xl/worksheets/_rels/sheet1.xml.rels
2025-10-19 13:46:51 DEBUG PackageRelationshipCollection:307 - Parsing relationship: /_rels/.rels
2025-10-19 13:46:51 DEBUG POIXMLFactory:65 - using default POIXMLDocumentPart for http://schemas.openxmlformats.org/officeDocument/2006/relationships/printerSettings
2025-10-19 13:46:51 DEBUG PackageRelationshipCollection:307 - Parsing relationship: /xl/_rels/workbook.xml.rels
2025-10-19 13:46:51 DEBUG PackageRelationshipCollection:307 - Parsing relationship: /xl/worksheets/_rels/sheet1.xml.rels
2025-10-19 13:46:51 DEBUG PackageRelationshipCollection:307 - Parsing relationship: /_rels/.rels
2025-10-19 13:46:51 DEBUG POIXMLFactory:65 - using default POIXMLDocumentPart for http://schemas.openxmlformats.org/officeDocument/2006/relationships/printerSettings
2025-10-19 13:46:51 DEBUG PackageRelationshipCollection:307 - Parsing relationship: /xl/_rels/workbook.xml.rels
2025-10-19 13:46:51 DEBUG PackageRelationshipCollection:307 - Parsing relationship: /xl/worksheets/_rels/sheet1.xml.rels
2025-10-19 13:46:51 DEBUG PackageRelationshipCollection:307 - Parsing relationship: /_rels/.rels
2025-10-19 13:46:51 DEBUG POIXMLFactory:65 - using default POIXMLDocumentPart for http://schemas.openxmlformats.org/officeDocument/2006/relationships/printerSettings
2025-10-19 13:46:51 DEBUG PackageRelationshipCollection:307 - Parsing relationship: /xl/_rels/workbook.xml.rels
2025-10-19 13:46:51 DEBUG PackageRelationshipCollection:307 - Parsing relationship: /xl/worksheets/_rels/sheet1.xml.rels
2025-10-19 13:46:51 DEBUG PackageRelationshipCollection:307 - Parsing relationship: /_rels/.rels
2025-10-19 13:46:51 DEBUG POIXMLFactory:65 - using default POIXMLDocumentPart for http://schemas.openxmlformats.org/officeDocument/2006/relationships/printerSettings
2025-10-19 13:46:51 DEBUG PackageRelationshipCollection:307 - Parsing relationship: /xl/_rels/workbook.xml.rels
2025-10-19 13:46:51 DEBUG PackageRelationshipCollection:307 - Parsing relationship: /xl/worksheets/_rels/sheet1.xml.rels
2025-10-19 13:46:51 DEBUG PackageRelationshipCollection:307 - Parsing relationship: /_rels/.rels
2025-10-19 13:46:51 DEBUG POIXMLFactory:65 - using default POIXMLDocumentPart for http://schemas.openxmlformats.org/officeDocument/2006/relationships/printerSettings
2025-10-19 13:46:51 DEBUG PackageRelationshipCollection:307 - Parsing relationship: /xl/_rels/workbook.xml.rels
2025-10-19 13:46:51 DEBUG PackageRelationshipCollection:307 - Parsing relationship: /xl/worksheets/_rels/sheet1.xml.rels
2025-10-19 13:46:51 DEBUG PackageRelationshipCollection:307 - Parsing relationship: /_rels/.rels
2025-10-19 13:46:51 DEBUG POIXMLFactory:65 - using default POIXMLDocumentPart for http://schemas.openxmlformats.org/officeDocument/2006/relationships/printerSettings
2025-10-19 13:46:51 DEBUG PackageRelationshipCollection:307 - Parsing relationship: /xl/_rels/workbook.xml.rels
2025-10-19 13:46:51 DEBUG PackageRelationshipCollection:307 - Parsing relationship: /xl/worksheets/_rels/sheet1.xml.rels
2025-10-19 13:46:51 DEBUG PackageRelationshipCollection:307 - Parsing relationship: /_rels/.rels
2025-10-19 13:46:51 DEBUG POIXMLFactory:65 - using default POIXMLDocumentPart for http://schemas.openxmlformats.org/officeDocument/2006/relationships/printerSettings
2025-10-19 13:46:51 DEBUG PackageRelationshipCollection:307 - Parsing relationship: /xl/_rels/workbook.xml.rels
2025-10-19 13:46:51 DEBUG PackageRelationshipCollection:307 - Parsing relationship: /xl/worksheets/_rels/sheet1.xml.rels
2025-10-19 13:46:51 DEBUG PackageRelationshipCollection:307 - Parsing relationship: /_rels/.rels
2025-10-19 13:46:51 DEBUG POIXMLFactory:65 - using default POIXMLDocumentPart for http://schemas.openxmlformats.org/officeDocument/2006/relationships/printerSettings
2025-10-19 13:46:51 DEBUG PackageRelationshipCollection:307 - Parsing relationship: /xl/_rels/workbook.xml.rels
2025-10-19 13:46:51 DEBUG PackageRelationshipCollection:307 - Parsing relationship: /xl/worksheets/_rels/sheet1.xml.rels
2025-10-19 13:46:51 DEBUG PackageRelationshipCollection:307 - Parsing relationship: /_rels/.rels
2025-10-19 13:46:51 DEBUG POIXMLFactory:65 - using default POIXMLDocumentPart for http://schemas.openxmlformats.org/officeDocument/2006/relationships/printerSettings
2025-10-19 13:46:51 DEBUG PackageRelationshipCollection:307 - Parsing relationship: /xl/_rels/workbook.xml.rels
2025-10-19 13:46:51 DEBUG PackageRelationshipCollection:307 - Parsing relationship: /xl/worksheets/_rels/sheet1.xml.rels
2025-10-19 13:46:51 DEBUG PackageRelationshipCollection:307 - Parsing relationship: /_rels/.rels
2025-10-19 13:46:51 DEBUG POIXMLFactory:65 - using default POIXMLDocumentPart for http://schemas.openxmlformats.org/officeDocument/2006/relationships/printerSettings
2025-10-19 13:46:51 INFO  TC02_Login:28 - ===== Starting TC02_Login Test with user: smitasharma.qa@gmail.com =====
2025-10-19 13:46:51 DEBUG TC02_Login:32 - HomePage object created successfully.
2025-10-19 13:46:51 DEBUG TC02_Login:35 - Clicked on 'My Account' link.
2025-10-19 13:46:54 DEBUG TC02_Login:38 - Navigated to Login page.
2025-10-19 13:46:55 DEBUG TC02_Login:42 - Entered email: smitasharma.qa@gmail.com
2025-10-19 13:46:55 DEBUG TC02_Login:45 - Entered password.
2025-10-19 13:46:55 DEBUG TC02_Login:48 - Clicked on Login button.
2025-10-19 13:46:56 DEBUG TC02_Login:52 - My Account confirmation displayed: true
2025-10-19 13:46:56 INFO  TC02_Login:55 - Login successful for user: smitasharma.qa@gmail.com
2025-10-19 13:46:57 DEBUG TC02_Login:58 - User logged out successfully.
2025-10-19 13:46:57 INFO  TC02_Login:72 - ===== Ending TC02_Login Test for user: smitasharma.qa@gmail.com =====
2025-10-19 13:46:57 INFO  TC02_Login:28 - ===== Starting TC02_Login Test with user: nona@yahoo.com =====
2025-10-19 13:46:57 DEBUG TC02_Login:32 - HomePage object created successfully.
2025-10-19 13:46:57 DEBUG TC02_Login:35 - Clicked on 'My Account' link.
2025-10-19 13:46:58 DEBUG TC02_Login:38 - Navigated to Login page.
2025-10-19 13:46:58 DEBUG TC02_Login:42 - Entered email: nona@yahoo.com
2025-10-19 13:46:58 DEBUG TC02_Login:45 - Entered password.
2025-10-19 13:46:58 DEBUG TC02_Login:48 - Clicked on Login button.
2025-10-19 13:46:59 DEBUG TC02_Login:52 - My Account confirmation displayed: true
2025-10-19 13:46:59 INFO  TC02_Login:55 - Login successful for user: nona@yahoo.com
2025-10-19 13:46:59 DEBUG TC02_Login:58 - User logged out successfully.
2025-10-19 13:46:59 INFO  TC02_Login:72 - ===== Ending TC02_Login Test for user: nona@yahoo.com =====
2025-10-19 13:46:59 INFO  TC02_Login:28 - ===== Starting TC02_Login Test with user: sid@cloudberry.services =====
2025-10-19 13:46:59 DEBUG TC02_Login:32 - HomePage object created successfully.
2025-10-19 13:46:59 DEBUG TC02_Login:35 - Clicked on 'My Account' link.
2025-10-19 13:47:00 DEBUG TC02_Login:38 - Navigated to Login page.
2025-10-19 13:47:00 DEBUG TC02_Login:42 - Entered email: sid@cloudberry.services
2025-10-19 13:47:00 DEBUG TC02_Login:45 - Entered password.
2025-10-19 13:47:00 DEBUG TC02_Login:48 - Clicked on Login button.
2025-10-19 13:47:01 DEBUG TC02_Login:52 - My Account confirmation displayed: true
2025-10-19 13:47:01 INFO  TC02_Login:55 - Login successful for user: sid@cloudberry.services
2025-10-19 13:47:02 DEBUG TC02_Login:58 - User logged out successfully.
2025-10-19 13:47:02 INFO  TC02_Login:72 - ===== Ending TC02_Login Test for user: sid@cloudberry.services =====
2025-10-19 13:47:02 INFO  TC02_Login:28 - ===== Starting TC02_Login Test with user: apushedwoman@gmail.com =====
2025-10-19 13:47:02 DEBUG TC02_Login:32 - HomePage object created successfully.
2025-10-19 13:47:02 DEBUG TC02_Login:35 - Clicked on 'My Account' link.
2025-10-19 13:47:02 DEBUG TC02_Login:38 - Navigated to Login page.
2025-10-19 13:47:02 DEBUG TC02_Login:42 - Entered email: apushedwoman@gmail.com
2025-10-19 13:47:02 DEBUG TC02_Login:45 - Entered password.
2025-10-19 13:47:02 DEBUG TC02_Login:48 - Clicked on Login button.
2025-10-19 13:47:03 DEBUG TC02_Login:52 - My Account confirmation displayed: true
2025-10-19 13:47:03 INFO  TC02_Login:55 - Login successful for user: apushedwoman@gmail.com
2025-10-19 13:47:04 DEBUG TC02_Login:58 - User logged out successfully.
2025-10-19 13:47:04 INFO  TC02_Login:72 - ===== Ending TC02_Login Test for user: apushedwoman@gmail.com =====
2025-10-19 13:47:04 INFO  TC02_Login:28 - ===== Starting TC02_Login Test with user: hichamkhachiai@gmail.com =====
2025-10-19 13:47:04 DEBUG TC02_Login:32 - HomePage object created successfully.
2025-10-19 13:47:04 DEBUG TC02_Login:35 - Clicked on 'My Account' link.
2025-10-19 13:47:04 DEBUG TC02_Login:38 - Navigated to Login page.
2025-10-19 13:47:04 DEBUG TC02_Login:42 - Entered email: hichamkhachiai@gmail.com
2025-10-19 13:47:04 DEBUG TC02_Login:45 - Entered password.
2025-10-19 13:47:05 DEBUG TC02_Login:48 - Clicked on Login button.
2025-10-19 13:47:05 DEBUG TC02_Login:52 - My Account confirmation displayed: true
2025-10-19 13:47:05 INFO  TC02_Login:55 - Login successful for user: hichamkhachiai@gmail.com
2025-10-19 13:47:06 DEBUG TC02_Login:58 - User logged out successfully.
2025-10-19 13:47:06 INFO  TC02_Login:72 - ===== Ending TC02_Login Test for user: hichamkhachiai@gmail.com =====
2025-10-19 13:47:07 INFO  BaseClass:137 - Browser session closed successfully
2025-10-19 13:47:07 INFO  BaseClass:43 - Initializing application on OS: windows and Browser: firefox
2025-10-19 13:47:07 DEBUG BaseClass:48 - Loaded configuration properties
2025-10-19 13:47:10 DEBUG BaseClass:117 - Driver assigned to thread-local storage
2025-10-19 13:47:17 INFO  BaseClass:124 - Application launched successfully: https://cloudberrystore.services/
2025-10-19 13:47:17 INFO  TC04_CompletePurchase:25 - ===== Starting TC04_CompletePurchase Test =====
2025-10-19 13:47:17 DEBUG TC04_CompletePurchase:29 - HomePage object created successfully.
2025-10-19 13:47:17 DEBUG TC04_CompletePurchase:32 - Clicked on 'Laptops & Notebooks' link.
2025-10-19 13:47:22 DEBUG TC04_CompletePurchase:35 - Navigated to Laptops & Notebooks catalog page.
2025-10-19 13:47:24 DEBUG TC04_CompletePurchase:39 - Located target laptop on catalog page.
2025-10-19 13:47:26 DEBUG TC04_CompletePurchase:43 - Set delivery date on Product page.
2025-10-19 13:47:26 DEBUG TC04_CompletePurchase:46 - Clicked 'Add to Cart' button.
2025-10-19 13:47:27 DEBUG TC04_CompletePurchase:50 - Scrolled to Checkout section.
2025-10-19 13:47:37 ERROR TC04_CompletePurchase:79 - Unexpected exception occurred during Complete Purchase test.
org.openqa.selenium.NoSuchElementException: Unable to locate element: //strong[normalize-space()='login page']
For documentation on this error, please visit: https://www.selenium.dev/documentation/webdriver/troubleshooting/errors#no-such-element-exception
Build info: version: '4.35.0', revision: '1c58e5028b'
System info: os.name: 'Windows 11', os.arch: 'amd64', os.version: '10.0', java.version: '21.0.8'
Driver info: org.openqa.selenium.remote.RemoteWebDriver
Command: [1e74a136-4035-4762-b627-bbf707f209e5, findElement {using=xpath, value=//strong[normalize-space()='login page']}]
Capabilities {acceptInsecureCerts: true, browserName: firefox, browserVersion: 144.0, moz:accessibilityChecks: false, moz:buildID: 20251009125714, moz:firefoxOptions: {binary: C:\Program Files\Mozilla Fi..., prefs: {remote.active-protocols: 1}}, moz:geckodriverVersion: 0.36.0, moz:headless: false, moz:platformVersion: 10.0, moz:processID: 20052, moz:profile: C:\Users\KAYLAA~1\AppData\L..., moz:shutdownTimeout: 60000, moz:webdriverClick: true, moz:windowless: false, pageLoadStrategy: normal, platformName: Windows 11, proxy: Proxy(), se:bidiEnabled: false, se:cdpEnabled: false, setWindowRect: true, strictFileInteractability: false, timeouts: {implicit: 0, pageLoad: 300000, script: 30000}, unhandledPromptBehavior: dismiss and notify, userAgent: Mozilla/5.0 (Windows NT 10....}
Session ID: 1e74a136-4035-4762-b627-bbf707f209e5
	at java.base/jdk.internal.reflect.DirectConstructorHandleAccessor.newInstance(DirectConstructorHandleAccessor.java:62)
	at java.base/java.lang.reflect.Constructor.newInstanceWithCaller(Constructor.java:502)
	at java.base/java.lang.reflect.Constructor.newInstance(Constructor.java:486)
	at org.openqa.selenium.remote.ErrorCodec.decode(ErrorCodec.java:167)
	at org.openqa.selenium.remote.codec.w3c.W3CHttpResponseCodec.decode(W3CHttpResponseCodec.java:138)
	at org.openqa.selenium.remote.codec.w3c.W3CHttpResponseCodec.decode(W3CHttpResponseCodec.java:50)
	at org.openqa.selenium.remote.HttpCommandExecutor.execute(HttpCommandExecutor.java:215)
	at org.openqa.selenium.remote.TracedCommandExecutor.execute(TracedCommandExecutor.java:53)
	at org.openqa.selenium.remote.RemoteWebDriver.execute(RemoteWebDriver.java:557)
	at org.openqa.selenium.remote.ElementLocation$ElementFinder$2.findElement(ElementLocation.java:165)
	at org.openqa.selenium.remote.ElementLocation.findElement(ElementLocation.java:59)
	at org.openqa.selenium.remote.RemoteWebDriver.findElement(RemoteWebDriver.java:380)
	at org.openqa.selenium.remote.RemoteWebDriver.findElement(RemoteWebDriver.java:374)
	at org.openqa.selenium.support.pagefactory.DefaultElementLocator.findElement(DefaultElementLocator.java:68)
	at org.openqa.selenium.support.pagefactory.internal.LocatingElementHandler.invoke(LocatingElementHandler.java:38)
	at jdk.proxy2/jdk.proxy2.$Proxy31.click(Unknown Source)
	at pageObjects.CheckoutPage.goToLogin(CheckoutPage.java:54)
	at testCases.TC04_CompletePurchase.addToCart(TC04_CompletePurchase.java:52)
	at java.base/jdk.internal.reflect.DirectMethodHandleAccessor.invoke(DirectMethodHandleAccessor.java:103)
	at java.base/java.lang.reflect.Method.invoke(Method.java:580)
	at org.testng.internal.invokers.MethodInvocationHelper.invokeMethod(MethodInvocationHelper.java:141)
	at org.testng.internal.invokers.TestInvoker.invokeMethod(TestInvoker.java:687)
	at org.testng.internal.invokers.TestInvoker.invokeTestMethod(TestInvoker.java:230)
	at org.testng.internal.invokers.MethodRunner.runInSequence(MethodRunner.java:63)
	at org.testng.internal.invokers.TestInvoker$MethodInvocationAgent.invoke(TestInvoker.java:995)
	at org.testng.internal.invokers.TestInvoker.invokeTestMethods(TestInvoker.java:203)
	at org.testng.internal.invokers.TestMethodWorker.invokeTestMethods(TestMethodWorker.java:154)
	at org.testng.internal.invokers.TestMethodWorker.run(TestMethodWorker.java:134)
	at java.base/java.util.ArrayList.forEach(ArrayList.java:1596)
	at org.testng.TestRunner.privateRun(TestRunner.java:741)
	at org.testng.TestRunner.run(TestRunner.java:616)
	at org.testng.SuiteRunner.runTest(SuiteRunner.java:421)
	at org.testng.SuiteRunner$SuiteWorker.run(SuiteRunner.java:463)
	at org.testng.internal.thread.ThreadUtil.lambda$execute$0(ThreadUtil.java:64)
	at java.base/java.util.concurrent.FutureTask.run(FutureTask.java:317)
	at java.base/java.util.concurrent.ThreadPoolExecutor.runWorker(ThreadPoolExecutor.java:1144)
	at java.base/java.util.concurrent.ThreadPoolExecutor$Worker.run(ThreadPoolExecutor.java:642)
	at java.base/java.lang.Thread.run(Thread.java:1583)
2025-10-19 13:47:37 INFO  TC04_CompletePurchase:82 - ===== Ending TC04_CompletePurchase Test =====
2025-10-19 13:47:37 WARN  RetryAnalyzer:18 - Retrying test 'addToCart' (1 of 2)
2025-10-19 13:47:37 INFO  TC04_CompletePurchase:25 - ===== Starting TC04_CompletePurchase Test =====
2025-10-19 13:47:37 DEBUG TC04_CompletePurchase:29 - HomePage object created successfully.
2025-10-19 13:47:37 DEBUG TC04_CompletePurchase:32 - Clicked on 'Laptops & Notebooks' link.
2025-10-19 13:47:37 DEBUG TC04_CompletePurchase:35 - Navigated to Laptops & Notebooks catalog page.
2025-10-19 13:47:38 DEBUG TC04_CompletePurchase:39 - Located target laptop on catalog page.
2025-10-19 13:47:39 DEBUG TC04_CompletePurchase:43 - Set delivery date on Product page.
2025-10-19 13:47:39 DEBUG TC04_CompletePurchase:46 - Clicked 'Add to Cart' button.
2025-10-19 13:47:41 DEBUG TC04_CompletePurchase:50 - Scrolled to Checkout section.
2025-10-19 13:47:51 ERROR TC04_CompletePurchase:79 - Unexpected exception occurred during Complete Purchase test.
org.openqa.selenium.NoSuchElementException: Unable to locate element: //strong[normalize-space()='login page']
For documentation on this error, please visit: https://www.selenium.dev/documentation/webdriver/troubleshooting/errors#no-such-element-exception
Build info: version: '4.35.0', revision: '1c58e5028b'
System info: os.name: 'Windows 11', os.arch: 'amd64', os.version: '10.0', java.version: '21.0.8'
Driver info: org.openqa.selenium.remote.RemoteWebDriver
Command: [1e74a136-4035-4762-b627-bbf707f209e5, findElement {using=xpath, value=//strong[normalize-space()='login page']}]
Capabilities {acceptInsecureCerts: true, browserName: firefox, browserVersion: 144.0, moz:accessibilityChecks: false, moz:buildID: 20251009125714, moz:firefoxOptions: {binary: C:\Program Files\Mozilla Fi..., prefs: {remote.active-protocols: 1}}, moz:geckodriverVersion: 0.36.0, moz:headless: false, moz:platformVersion: 10.0, moz:processID: 20052, moz:profile: C:\Users\KAYLAA~1\AppData\L..., moz:shutdownTimeout: 60000, moz:webdriverClick: true, moz:windowless: false, pageLoadStrategy: normal, platformName: Windows 11, proxy: Proxy(), se:bidiEnabled: false, se:cdpEnabled: false, setWindowRect: true, strictFileInteractability: false, timeouts: {implicit: 0, pageLoad: 300000, script: 30000}, unhandledPromptBehavior: dismiss and notify, userAgent: Mozilla/5.0 (Windows NT 10....}
Session ID: 1e74a136-4035-4762-b627-bbf707f209e5
	at java.base/jdk.internal.reflect.DirectConstructorHandleAccessor.newInstance(DirectConstructorHandleAccessor.java:62)
	at java.base/java.lang.reflect.Constructor.newInstanceWithCaller(Constructor.java:502)
	at java.base/java.lang.reflect.Constructor.newInstance(Constructor.java:486)
	at org.openqa.selenium.remote.ErrorCodec.decode(ErrorCodec.java:167)
	at org.openqa.selenium.remote.codec.w3c.W3CHttpResponseCodec.decode(W3CHttpResponseCodec.java:138)
	at org.openqa.selenium.remote.codec.w3c.W3CHttpResponseCodec.decode(W3CHttpResponseCodec.java:50)
	at org.openqa.selenium.remote.HttpCommandExecutor.execute(HttpCommandExecutor.java:215)
	at org.openqa.selenium.remote.TracedCommandExecutor.execute(TracedCommandExecutor.java:53)
	at org.openqa.selenium.remote.RemoteWebDriver.execute(RemoteWebDriver.java:557)
	at org.openqa.selenium.remote.ElementLocation$ElementFinder$2.findElement(ElementLocation.java:165)
	at org.openqa.selenium.remote.ElementLocation.findElement(ElementLocation.java:59)
	at org.openqa.selenium.remote.RemoteWebDriver.findElement(RemoteWebDriver.java:380)
	at org.openqa.selenium.remote.RemoteWebDriver.findElement(RemoteWebDriver.java:374)
	at org.openqa.selenium.support.pagefactory.DefaultElementLocator.findElement(DefaultElementLocator.java:68)
	at org.openqa.selenium.support.pagefactory.internal.LocatingElementHandler.invoke(LocatingElementHandler.java:38)
	at jdk.proxy2/jdk.proxy2.$Proxy31.click(Unknown Source)
	at pageObjects.CheckoutPage.goToLogin(CheckoutPage.java:54)
	at testCases.TC04_CompletePurchase.addToCart(TC04_CompletePurchase.java:52)
	at java.base/jdk.internal.reflect.DirectMethodHandleAccessor.invoke(DirectMethodHandleAccessor.java:103)
	at java.base/java.lang.reflect.Method.invoke(Method.java:580)
	at org.testng.internal.invokers.MethodInvocationHelper.invokeMethod(MethodInvocationHelper.java:141)
	at org.testng.internal.invokers.TestInvoker.invokeMethod(TestInvoker.java:687)
	at org.testng.internal.invokers.TestInvoker.retryFailed(TestInvoker.java:269)
	at org.testng.internal.invokers.MethodRunner.runInSequence(MethodRunner.java:76)
	at org.testng.internal.invokers.TestInvoker$MethodInvocationAgent.invoke(TestInvoker.java:995)
	at org.testng.internal.invokers.TestInvoker.invokeTestMethods(TestInvoker.java:203)
	at org.testng.internal.invokers.TestMethodWorker.invokeTestMethods(TestMethodWorker.java:154)
	at org.testng.internal.invokers.TestMethodWorker.run(TestMethodWorker.java:134)
	at java.base/java.util.ArrayList.forEach(ArrayList.java:1596)
	at org.testng.TestRunner.privateRun(TestRunner.java:741)
	at org.testng.TestRunner.run(TestRunner.java:616)
	at org.testng.SuiteRunner.runTest(SuiteRunner.java:421)
	at org.testng.SuiteRunner$SuiteWorker.run(SuiteRunner.java:463)
	at org.testng.internal.thread.ThreadUtil.lambda$execute$0(ThreadUtil.java:64)
	at java.base/java.util.concurrent.FutureTask.run(FutureTask.java:317)
	at java.base/java.util.concurrent.ThreadPoolExecutor.runWorker(ThreadPoolExecutor.java:1144)
	at java.base/java.util.concurrent.ThreadPoolExecutor$Worker.run(ThreadPoolExecutor.java:642)
	at java.base/java.lang.Thread.run(Thread.java:1583)
2025-10-19 13:47:51 INFO  TC04_CompletePurchase:82 - ===== Ending TC04_CompletePurchase Test =====
2025-10-19 13:47:51 WARN  RetryAnalyzer:18 - Retrying test 'addToCart' (2 of 2)
2025-10-19 13:47:51 INFO  TC04_CompletePurchase:25 - ===== Starting TC04_CompletePurchase Test =====
2025-10-19 13:47:51 DEBUG TC04_CompletePurchase:29 - HomePage object created successfully.
2025-10-19 13:47:51 DEBUG TC04_CompletePurchase:32 - Clicked on 'Laptops & Notebooks' link.
2025-10-19 13:47:52 DEBUG TC04_CompletePurchase:35 - Navigated to Laptops & Notebooks catalog page.
2025-10-19 13:47:54 DEBUG TC04_CompletePurchase:39 - Located target laptop on catalog page.
2025-10-19 13:47:55 DEBUG TC04_CompletePurchase:43 - Set delivery date on Product page.
2025-10-19 13:47:55 DEBUG TC04_CompletePurchase:46 - Clicked 'Add to Cart' button.
2025-10-19 13:48:01 DEBUG TC04_CompletePurchase:50 - Scrolled to Checkout section.
2025-10-19 13:48:12 ERROR TC04_CompletePurchase:79 - Unexpected exception occurred during Complete Purchase test.
org.openqa.selenium.NoSuchElementException: Unable to locate element: //strong[normalize-space()='login page']
For documentation on this error, please visit: https://www.selenium.dev/documentation/webdriver/troubleshooting/errors#no-such-element-exception
Build info: version: '4.35.0', revision: '1c58e5028b'
System info: os.name: 'Windows 11', os.arch: 'amd64', os.version: '10.0', java.version: '21.0.8'
Driver info: org.openqa.selenium.remote.RemoteWebDriver
Command: [1e74a136-4035-4762-b627-bbf707f209e5, findElement {using=xpath, value=//strong[normalize-space()='login page']}]
Capabilities {acceptInsecureCerts: true, browserName: firefox, browserVersion: 144.0, moz:accessibilityChecks: false, moz:buildID: 20251009125714, moz:firefoxOptions: {binary: C:\Program Files\Mozilla Fi..., prefs: {remote.active-protocols: 1}}, moz:geckodriverVersion: 0.36.0, moz:headless: false, moz:platformVersion: 10.0, moz:processID: 20052, moz:profile: C:\Users\KAYLAA~1\AppData\L..., moz:shutdownTimeout: 60000, moz:webdriverClick: true, moz:windowless: false, pageLoadStrategy: normal, platformName: Windows 11, proxy: Proxy(), se:bidiEnabled: false, se:cdpEnabled: false, setWindowRect: true, strictFileInteractability: false, timeouts: {implicit: 0, pageLoad: 300000, script: 30000}, unhandledPromptBehavior: dismiss and notify, userAgent: Mozilla/5.0 (Windows NT 10....}
Session ID: 1e74a136-4035-4762-b627-bbf707f209e5
	at java.base/jdk.internal.reflect.DirectConstructorHandleAccessor.newInstance(DirectConstructorHandleAccessor.java:62)
	at java.base/java.lang.reflect.Constructor.newInstanceWithCaller(Constructor.java:502)
	at java.base/java.lang.reflect.Constructor.newInstance(Constructor.java:486)
	at org.openqa.selenium.remote.ErrorCodec.decode(ErrorCodec.java:167)
	at org.openqa.selenium.remote.codec.w3c.W3CHttpResponseCodec.decode(W3CHttpResponseCodec.java:138)
	at org.openqa.selenium.remote.codec.w3c.W3CHttpResponseCodec.decode(W3CHttpResponseCodec.java:50)
	at org.openqa.selenium.remote.HttpCommandExecutor.execute(HttpCommandExecutor.java:215)
	at org.openqa.selenium.remote.TracedCommandExecutor.execute(TracedCommandExecutor.java:53)
	at org.openqa.selenium.remote.RemoteWebDriver.execute(RemoteWebDriver.java:557)
	at org.openqa.selenium.remote.ElementLocation$ElementFinder$2.findElement(ElementLocation.java:165)
	at org.openqa.selenium.remote.ElementLocation.findElement(ElementLocation.java:59)
	at org.openqa.selenium.remote.RemoteWebDriver.findElement(RemoteWebDriver.java:380)
	at org.openqa.selenium.remote.RemoteWebDriver.findElement(RemoteWebDriver.java:374)
	at org.openqa.selenium.support.pagefactory.DefaultElementLocator.findElement(DefaultElementLocator.java:68)
	at org.openqa.selenium.support.pagefactory.internal.LocatingElementHandler.invoke(LocatingElementHandler.java:38)
	at jdk.proxy2/jdk.proxy2.$Proxy31.click(Unknown Source)
	at pageObjects.CheckoutPage.goToLogin(CheckoutPage.java:54)
	at testCases.TC04_CompletePurchase.addToCart(TC04_CompletePurchase.java:52)
	at java.base/jdk.internal.reflect.DirectMethodHandleAccessor.invoke(DirectMethodHandleAccessor.java:103)
	at java.base/java.lang.reflect.Method.invoke(Method.java:580)
	at org.testng.internal.invokers.MethodInvocationHelper.invokeMethod(MethodInvocationHelper.java:141)
	at org.testng.internal.invokers.TestInvoker.invokeMethod(TestInvoker.java:687)
	at org.testng.internal.invokers.TestInvoker.retryFailed(TestInvoker.java:269)
	at org.testng.internal.invokers.MethodRunner.runInSequence(MethodRunner.java:76)
	at org.testng.internal.invokers.TestInvoker$MethodInvocationAgent.invoke(TestInvoker.java:995)
	at org.testng.internal.invokers.TestInvoker.invokeTestMethods(TestInvoker.java:203)
	at org.testng.internal.invokers.TestMethodWorker.invokeTestMethods(TestMethodWorker.java:154)
	at org.testng.internal.invokers.TestMethodWorker.run(TestMethodWorker.java:134)
	at java.base/java.util.ArrayList.forEach(ArrayList.java:1596)
	at org.testng.TestRunner.privateRun(TestRunner.java:741)
	at org.testng.TestRunner.run(TestRunner.java:616)
	at org.testng.SuiteRunner.runTest(SuiteRunner.java:421)
	at org.testng.SuiteRunner$SuiteWorker.run(SuiteRunner.java:463)
	at org.testng.internal.thread.ThreadUtil.lambda$execute$0(ThreadUtil.java:64)
	at java.base/java.util.concurrent.FutureTask.run(FutureTask.java:317)
	at java.base/java.util.concurrent.ThreadPoolExecutor.runWorker(ThreadPoolExecutor.java:1144)
	at java.base/java.util.concurrent.ThreadPoolExecutor$Worker.run(ThreadPoolExecutor.java:642)
	at java.base/java.lang.Thread.run(Thread.java:1583)
2025-10-19 13:48:12 INFO  TC04_CompletePurchase:82 - ===== Ending TC04_CompletePurchase Test =====
2025-10-19 13:48:12 INFO  BaseClass:152 - Screenshot captured: C:\Workspaces\April2025Batch\NinjaV5\screenshots\addToCart_20251019014812.png
2025-10-19 13:48:13 INFO  BaseClass:137 - Browser session closed successfully
